2517,1980614073927	3,3860286280977126E-05
2515,9777570277147	3,4170769906407995E-05
2514,756853964558	3,4250432713506966E-05
2513,535352163457	3,409464592523045E-05
2512,3132515698944	3,39871157379486E-05
2511,09055212929	3,4108168168951054E-05
2509,8672537870134	3,4278300301226566E-05
2508,6433564883737	3,455061002876352E-05
2507,418860178632	3,473468876682736E-05
2506,1937648029816	3,4643032249018E-05
2504,9680703065733	3,44404994873922E-05
2503,741776634488	3,4560414284451404E-05
2502,5148837317665	3,4670812530672165E-05
2501,287391543381	3,4592404174048196E-05
2500,059300014258	3,4601804567780525E-05
2498,830609089262	3,464247152763231E-05
2497,601318713201	3,4776337766624715E-05
2496,371428830831	3,5105047140183735E-05
2495,1409393868544	3,5107161569537454E-05
2493,909850325912	3,4885696471350436E-05
2492,6781615925975	3,480902204491083E-05
2491,445873131437	3,4827981379415114E-05
2490,2129848869135	3,474365190800103E-05
2488,9794968034475	3,494308724475128E-05
2487,745408825411	3,5181657632444365E-05
2486,5107208971094	3,538963113239129E-05
2485,275432962804	3,5516474566735996E-05
2484,039544966692	3,563623924851324E-05
2482,8030568529266	3,55770988962924E-05
2481,565968565592	3,5629297025800555E-05
2480,328280048727	3,572716988847973E-05
2479,0899912463174	3,560499356864905E-05
2477,8511021022787	3,535164072893502E-05
2476,6116125604913	3,538560317007043E-05
2475,3715225647666	3,537009900773061E-05
2474,1308320588614	3,526876365428257E-05
2472,889540986491	3,538245352289615E-05
2471,6476492913007	3,5845780156513915E-05
2470,4051569168823	3,626498988193746E-05
2469,162063806785	3,634845625990393E-05
2467,9183699044934	3,604223927575354E-05
2466,6740751534344	3,571161700000464E-05
2465,4291794969886	3,5709908734567935E-05
2464,1836828784762	3,6135603966886966E-05
2462,937585241163	3,645049240992785E-05
2461,6908865282658	3,653877686137016E-05
2460,443586682941	3,65328548059422E-05
2459,1956856482866	3,666485923227972E-05
2457,947183367356	3,659047786211329E-05
2456,698079783142	3,656422958781505E-05
2455,4483748385865	3,653085776891364E-05
2454,1980684765695	3,6638046297159646E-05
2452,947160639922	3,675454655499871E-05
2451,695651271426	3,658766520623321E-05
2450,443540313794	3,6363495082823544E-05
2449,190827709699	3,653855668123777E-05
2447,937513401752	3,673543700247614E-05
2446,6835973325124	3,6783543120378556E-05
2445,4290794444805	3,670068629055344E-05
2444,173959680111	3,676055975988289E-05
2442,9182379817958	3,690978171219731E-05
2441,661914291877	3,690838424208991E-05
2440,404988552642	3,664092812163753E-05
2439,147460706321	3,6334439525941326E-05
2437,8893306950977	3,64384590985565E-05
2436,6305984610954	3,693654795851171E-05
2435,3712639463774	3,725204943235598E-05
2434,111327092969	3,721194033584752E-05
2432,85078784283	3,706191083744792E-05
2431,589646137865	3,7188040705972E-05
2430,3279019199326	3,728907594954126E-05
2429,065555130832	3,7342284403250485E-05
2427,802605712306	3,744517273752806E-05
2426,539053606055	3,7625520399173494E-05
2425,2748987537125	3,7541114159533435E-05
2424,010141096862	3,722374245542529E-05
2422,744780577039	3,713519852266196E-05
2421,4788171357213	3,739303818488585E-05
2420,212250714325	3,762236441104113E-05
2418,945081254231	3,773699388737937E-05
2417,677308696748	3,778870080640094E-05
2416,4089329831368	3,763404963703757E-05
2415,1399540546136	3,729350550885651E-05
2413,8703718523284	3,7226600226846604E-05
2412,600186317386	3,731723342557783E-05
2411,329397390831	3,74624293749765E-05
2410,058005013667	3,772096720375279E-05
2408,786009126825	3,785822847974984E-05
2407,513409671197	3,783449028924281E-05
2406,240206587616	3,7872911218183014E-05
2404,966399816869	3,78881548704942E-05
2403,6919892996775	3,774970612255537E-05
2402,416974976717	3,758947178809633E-05
2401,141356788612	3,778603602191965E-05
2399,865134675925	3,791528583666146E-05
2398,5883085791756	3,788712702647363E-05
2397,310878438824	3,794953078731827E-05
2396,032844195277	3,794583857440062E-05
2394,7542057888895	3,77927007420472E-05
2393,4749631599625	3,782620898467045E-05
2392,1951162487494	3,815603352929828E-05
2390,9146649954455	3,850474098127273E-05
2389,6336093401915	3,852764850640592E-05
2388,3519492230735	3,81752209629481E-05
2387,069684584134	3,803669533490492E-05
2385,786815363357	3,836201246976542E-05
2384,5033415006656	3,876459774058063E-05
2383,219262935949	3,8942242666467515E-05
2381,9345796090274	3,8922537286937087E-05
2380,6492914596747	3,892519564498889E-05
2379,3633984276057	3,902820715291103E-05
2378,076900452492	3,884417090262648E-05
2376,78979747395	3,847627339920919E-05
2375,502089431535	3,841612988149552E-05
2374,2137762647617	3,8498973868251995E-05
2372,9248579130763	3,849661499948663E-05
2371,6353343158953	3,8488928930554726E-05
2370,345205412563	3,860551439326595E-05
2369,0544711423754	3,864315755742529E-05
2367,7631314445825	3,851847458408512E-05
2366,4711862583754	3,864565484227382E-05
2365,178635522898	3,894252402023173E-05
2363,8854791772355	3,912569222646181E-05
2362,5917171604233	3,926524995773517E-05
2361,297349411456	3,919064419382543E-05
2360,0023758692478	3,916900767448362E-05
2358,7067964726884	3,931141234921504E-05
2357,4106111606015	3,9427378915360115E-05
2356,1138198717636	3,925793550535961E-05
2354,8164225448927	3,9198276056930014E-05
2353,518419118667	3,920092696326095E-05
2352,2198095316962	3,910788576414022E-05
2350,920593722549	3,9116415788710844E-05
2349,6207716297395	3,923119478437514E-05
2348,320343191732	3,9338955990276364E-05
2347,019308346931	3,927259764146281E-05
2345,717667033692	3,9178732255902456E-05
2344,415419190329	3,9039677552970113E-05
2343,1125647550907	3,886636280850253E-05
2341,809103666179	3,90411062178717E-05
2340,505035861741	3,936482179715698E-05
2339,20036127988	3,948539424470191E-05
2337,895079858641	3,9726370251467274E-05
2336,5891915360153	3,979980793873902E-05
2335,282696249942	3,9732835691365655E-05
2333,9755939383213	3,9817466142284144E-05
2332,6678845389906	3,990916829315051E-05
2331,359567989726	3,983571838561703E-05
2330,050644228275	3,987903814041382E-05
2328,741113192318	4,005734988558542E-05
2327,430974819483	4,0293951439523265E-05
2326,1202290473593	4,014793260612643E-05
2324,8088758134727	3,9824941423171315E-05
2323,4969150552934	3,974736531464085E-05
2322,184346710259	3,9914907802403525E-05
2320,8711707157418	4,015387241790006E-05
2319,5573870090557	4,037747563610608E-05
2318,2429955274856	4,045494873874628E-05
2316,9279962082437	4,02767122362516E-05
2315,612388988502	4,0085766303733704E-05
2314,296173805382	4,0061778075699954E-05
2312,979350595946	4,016164009179902E-05
2311,6619192972103	4,0395982146212166E-05
2310,3438798461357	4,043262541940011E-05
2309,0252321796434	4,0334736384431314E-05
2307,705976234589	4,030776024145366E-05
2306,386111947788	4,035233315654942E-05
2305,0656392559977	4,047859831222251E-05
2303,7445580959284	4,05233583600693E-05
2302,422868404232	4,0314992072273345E-05
2301,10057011752	4,009826198232867E-05
2299,77766317235	4,028260697066384E-05
2298,454147505221	4,0578260078689586E-05
2297,130023052592	4,0796862661726796E-05
2295,805289750868	4,090982714976078E-05
2294,4799475363907	4,102289215665744E-05
2293,1539963454707	4,127156440318576E-05
2291,827436114356	4,13313647263841E-05
2290,500266779247	4,093834507791512E-05
2289,17248827629	4,0583342233498465E-05
2287,844100541588	4,058465860498776E-05
2286,515103511181	4,080100054649753E-05
2285,185497121078	4,1003693721073086E-05
2283,855281307213	4,1222224854958295E-05
2282,524456005489	4,148561175811213E-05
2281,193021151754	4,1618127101452186E-05
2279,8609766817935	4,1606846524574445E-05
2278,528322531358	4,1750734610460934E-05
2277,195058636138	4,184620239938341E-05
2275,861184931782	4,1828163163659504E-05
2274,5267013538796	4,167720954274917E-05
2273,1916078379763	4,122620702879441E-05
2271,8559043195564	4,098775831784874E-05
2270,519590734075	4,122024849884813E-05
2269,1826670169103	4,1551099337854066E-05
2267,845133103412	4,158243242461835E-05
2266,5069889288716	4,166906506935213E-05
2265,1682344285255	4,174621299455851E-05
2263,828869537567	4,163271320924314E-05
2262,4888941911413	4,155652162017974E-05
2261,1483083243293	4,1766954808545684E-05
2259,807111872182	4,225780020374983E-05
2258,4653047696847	4,2417119836795086E-05
2257,1228869517763	4,1975428432842206E-05
2255,7798583533513	4,1908833729273675E-05
2254,43621890925	4,234267167949415E-05
2253,091968554265	4,242910283562348E-05
2251,747107223131	4,211797733496507E-05
2250,4016348505465	4,207581105029816E-05
2249,055551371148	4,2269142724118715E-05
2247,708856719528	4,248821539057284E-05
2246,361550830228	4,275553870785173E-05
2245,01363363774	4,278332613424113E-05
2243,6651050765104	4,2211612864312264E-05
2242,3159650809284	4,204453138906313E-05
2240,966213585336	4,245966117562069E-05
2239,6158505240273	4,260948313750375E-05
2238,264875831246	4,2634671070610565E-05
2236,9132894411923	4,283936113184005E-05
2235,561091288	4,293963805174936E-05
2234,208281305775	4,2911647290654504E-05
2232,854859428553	4,287338967442459E-05
2231,500825590345	4,297857823684048E-05
2230,146179725085	4,3047096358808976E-05
2228,790921766671	4,31611208424536E-05
2227,4350516489612	4,3062215233796845E-05
2226,078569305744	4,2655818385535315E-05
2224,7214746707796	4,242025949331716E-05
2223,3637676777616	4,2668789813266864E-05
2222,0054482603446	4,3179807520471214E-05
2220,6465163521243	4,360920756534147E-05
2219,286971886664	4,3692092969351253E-05
2217,926814797458	4,347451713100427E-05
2216,566045017971	4,344993970616229E-05
2215,204662481603	4,335499757815563E-05
2213,8426671217094	4,320500323736269E-05
2212,480058871599	4,319081204743371E-05
2211,1168376645364	4,3037154874532234E-05
2209,753003433725	4,286333806749171E-05
2208,3885561123316	4,306535902070167E-05
2207,0234956334607	4,3410866592908143E-05
2205,657821930181	4,377173344363716E-05
2204,291534935506	4,42531870650277E-05
2202,924634582403	4,4547900824534106E-05
2201,5571208037836	4,4661177415770644E-05
2200,1889935325235	4,4535945310902344E-05
2198,8202527014437	4,43449106066634E-05
2197,4508982433035	4,405172647945024E-05
2196,080930090837	4,36833840904769E-05
2194,7103481767117	4,3640105062382726E-05
2193,3391524335566	4,39914202337928E-05
2191,967342793945	4,4176440073594426E-05
2190,5949191904074	4,4120635000012524E-05
2189,221881555426	4,4242986296046714E-05
2187,8482298214294	4,430324274721681E-05
2186,4739639207946	4,423193508150232E-05
2185,0990837858662	4,410109769243805E-05
2183,723589348927	4,427627249444839E-05
2182,3474805422156	4,462172681119132E-05
2180,9707572979205	4,480569548667006E-05
2179,5934195481823	4,47492644013294E-05
2178,2154672250945	4,455487661113265E-05
2176,8369002607033	4,4641074951745136E-05
2175,4577185870075	4,4718779329384596E-05
2174,0779221359553	4,4579230318878574E-05
2172,69751083944	4,441988755722183E-05
2171,3164846293257	4,4479465029838786E-05
2169,934843437408	4,4673576554825676E-05
2168,5525871954487	4,4979291069207634E-05
2167,1697158351562	4,517178612093734E-05
2165,786229288191	4,532139268492164E-05
2164,4021274861625	4,528631110691419E-05
2163,017410360637	4,503157244008455E-05
2161,63207784314	4,489096998161818E-05
2160,2461298651288	4,4984554992140374E-05
2158,859566358031	4,5177729075032305E-05
2157,472387253216	4,520426104218365E-05
2156,084592482017	4,5179255105803665E-05
2154,696181975709	4,529490124424544E-05
2153,307155665523	4,535752208421461E-05
2151,91751348264	4,538804169277229E-05
2150,5272553582	4,5569751773275884E-05
2149,1363812232885	4,5754004127994675E-05
2147,744891008948	4,572753646405457E-05
2146,3527846461657	4,542583377996529E-05
2144,960062065893	4,5197761491418636E-05
2143,5667231990265	4,530366141461824E-05
2142,1727679764153	4,5452280313823156E-05
2140,7781963288653	4,557444110267704E-05
2139,3830081871347	4,559553442076184E-05
2137,9872034819273	4,574192838973375E-05
2136,590782143903	4,612289123232334E-05
2135,1937441036825	4,636523679192968E-05
2133,7960892918345	4,6144522886977956E-05
2132,3978176388664	4,5935690713097056E-05
2130,9989290752637	4,566028289976611E-05
2129,5994235314465	4,547731103903478E-05
2128,1993009377948	4,548153191979973E-05
2126,7985612246375	4,571873020050169E-05
2125,397204322264	4,602438479469466E-05
2123,9952301609046	4,629142734697056E-05
2122,592638670758	4,635985341049588E-05
2121,1894297819636	4,631428034765952E-05
2119,785603424618	4,6269283282538446E-05
2118,3811595287734	4,611620337035939E-05
2116,976098024428	4,587214380777406E-05
2115,570418841544	4,593179994627256E-05
2114,164121910024	4,634778414700989E-05
2112,7572071597424	4,672600199476578E-05
2111,349674520501	4,654477131827566E-05
2109,94152392208	4,589197665878345E-05
2108,5327552941962	4,566163507784308E-05
2107,1233685665284	4,5852032269459065E-05
2105,7133636687067	4,6021873923645844E-05
2104,302740530311	4,6253342156724786E-05
2102,8914990808844	4,6353443972523026E-05
2101,4796392499084	4,6309498708895876E-05
2100,067160966835	4,626550535640274E-05
2098,654064161052	4,6564337193087136E-05
2097,2403487619194	4,6780006424138595E-05
2095,8260146987377	4,684169851118974E-05
2094,411061900766	4,679870734382867E-05
2092,9954902972167	4,6738786944247714E-05
2091,579299817251	4,6630686338516706E-05
2090,1624903899938	4,661786123849399E-05
2088,745061944519	4,651539445411157E-05
2087,3270144098497	4,644001882101175E-05
2085,908347714969	4,6719523018217295E-05
2084,489061788805	4,704845592903687E-05
2083,069156560261	4,6902633833116695E-05
2081,6486319581672	4,686221739603974E-05
2080,2274879113247	4,7032747860140114E-05
2078,805724348491	4,693503532072514E-05
2077,383341198358	4,669738303332217E-05
2075,9603383895956	4,675869908706262E-05
2074,536715850809	4,721523243368363E-05
2073,112473510573	4,7661367694832694E-05
2071,687611297406	4,753326095263856E-05
2070,262129139781	4,732753024978161E-05
2068,8360269661316	4,730439906260868E-05
2067,409304704841	4,7286045266994235E-05
2065,981962284248	4,711684719873895E-05
2064,553999632648	4,702936930022628E-05
2063,1254166782855	4,712769382334082E-05
2061,696213349358	4,712938302152118E-05
2060,2663895740334	4,703908951969295E-05
2058,835945280418	4,69777784640393E-05
2057,404880396567	4,710893436675069E-05
2055,9731948505178	4,7210829035905955E-05
2054,540888570231	4,7229183846105756E-05
2053,1079614836417	4,739644091304447E-05
2051,674413518631	4,755881994192411E-05
2050,240244603039	4,7522007744468434E-05
2048,8054546646636	4,7507074926824196E-05
2047,3700436312429	4,7474011923692705E-05
2045,9340114304869	4,726157963430583E-05
2044,4973579900507	4,73328444168021E-05
2043,0600832375494	4,7499832409955716E-05
2041,6221871005473	4,7416862225200785E-05
2040,1836695065685	4,7294784331634835E-05
2038,7445303830864	4,720456575417693E-05
2037,3047696575377	4,7144529604861106E-05
2035,8643872573048	4,707064449641936E-05
2034,4233831097372	4,717314618444806E-05
2032,98175714213	4,743795175138231E-05
2031,5395092817307	4,757362261803011E-05
2030,0966394557508	4,747172166630077E-05
2028,6531475913507	4,753839346582703E-05
2027,2090336156507	4,773722541709136E-05
2025,7642974557202	4,761996403603819E-05
2024,3189390385996	4,751996953688831E-05
2022,8729582912565	4,76807814415599E-05
2021,4263551406402	4,805231894621189E-05
2019,979129513642	4,8209598741213576E-05
2018,531281337113	4,8137186851691546E-05
2017,0828105378532	4,7984275525267586E-05
2015,633717042634	4,770134755030103E-05
2014,1840007781611	4,745045467071077E-05
2012,7336616711145	4,745622163814704E-05
2011,2826996481162	4,759177608601218E-05
2009,8311146357555	4,7822902997957594E-05
2008,3789065605633	4,762241950685045E-05
2006,9260753490416	4,702823980628597E-05
2005,4726209276341	4,692611229880952E-05
2004,0185432227518	4,740349745361369E-05
2002,563842160751	4,7661982823195796E-05
2001,1085176679553	4,770815900831174E-05
1999,6525696706303	4,7861125439008174E-05
1998,195998095016	4,801560997863014E-05
1996,7388028672867	4,800805599101323E-05
1995,280983913588	4,812591007944755E-05
1993,8225411600179	4,8282309062724594E-05
1992,3634745326272	4,823110010412752E-05
1990,9037839574303	4,791492928249894E-05
1989,4434693603835	4,767409224240217E-05
1987,9825306674138	4,765951149803528E-05
1986,5209678043975	4,776293898700788E-05
1985,0587806971707	4,773126556223859E-05
1983,595969271515	4,7724178480908905E-05
1982,1325334531866	4,785988663425286E-05
1980,6684731678797	4,808068938217713E-05
1979,2037883412595	4,817881034979383E-05
1977,7384788989366	4,807547706844079E-05
1976,2725447664816	4,800425733585456E-05
1974,805985869425	4,802806593514236E-05
1973,3388021332503	4,816778858383989E-05
1971,870993483397	4,832690598427397E-05
1970,4025598452645	4,793596314865155E-05
1968,9335011442017	4,745574195331465E-05
1967,463817305521	4,7417709952274687E-05
1965,993508254498	4,785547238036023E-05
1964,5225739163398	4,8255251825006334E-05
1963,0510142162384	4,839087072754861E-05
1961,5788290793316	4,843252212252599E-05
1960,1060184307025	4,824557193373257E-05
1958,6325821954124	4,79822603619758E-05
1957,1585202984606	4,793665208721359E-05
1955,6838326648176	4,7960762013885166E-05
1954,208519219399	4,806068295691976E-05
1952,732579887088	4,803175232408506E-05
1951,2560145927164	4,7920510889739546E-05
1949,7788232610728	4,796719750687102E-05
1948,3010058169093	4,8127382700480953E-05
1946,8225621849379	4,808955113446617E-05
1945,3434922898086	4,817159372810683E-05
1943,8637960561537	4,830400730980689E-05
1942,3834734085394	4,826549497822961E-05
1940,902524271507	4,803698758164965E-05
1939,42094856955	4,813622092253681E-05
1937,9387462271116	4,833362163701653E-05
1936,4559171686014	4,8487714953953853E-05
1934,9724613183826	4,8463340180694086E-05
1933,4883786007777	4,859697788536745E-05
1932,003668940055	4,8722115886565574E-05
1930,5183322604644	4,8739600804764014E-05
1929,0323684861942	4,859502418519775E-05
1927,5457775413852	4,860202195945872E-05
1926,05855935016	4,8811751897462455E-05
1924,570713836576	4,9104719754284096E-05
1923,0822409246612	4,924620028216317E-05
1921,593140538389	4,9461628305562166E-05
1920,103412601704	4,941365370840922E-05
1918,6130570385067	4,9170617297988704E-05
1917,1220737726399	4,886903603754064E-05
1915,6304627279205	4,855443837326525E-05
1914,1382238281221	4,852804762674133E-05
1912,6453569969672	4,871671402722326E-05
1911,1518621581417	4,880081046073766E-05
1909,6577392352883	4,894437039561364E-05
1908,162988152013	4,899903624860531E-05
1906,667608831871	4,89163515027302E-05
1905,1716011983808	4,881320012433171E-05
1903,6749651750142	4,896624463110181E-05
1902,1777006852099	4,937306689623158E-05
1900,6798076523555	4,978323023796535E-05
1899,1812859998026	4,999943657625114E-05
1897,6821356508553	5,0054420717211014E-05
1896,1823565287814	4,969748690137952E-05
1894,6819485568085	4,94234594433341E-05
1893,1809116581135	4,961388183899469E-05
1891,6792457558404	5,0009899762146715E-05
1890,176950773086	5,034829361407181E-05
1888,6740266329143	5,0339714324729007E-05
1887,1704732583312	4,9754833091608345E-05
1885,6662905723206	4,946045927306565E-05
1884,1614784978046	4,978595796896312E-05
1882,6560369576873	5,0132296104629274E-05
1881,1499658748107	5,027300629279339E-05
1879,6432651719879	5,048959817325384E-05
1878,1359347719772	5,033289349696616E-05
1876,6279745975153	5,0121619890448234E-05
1875,119384571277	5,0129042271273464E-05
1873,610164615915	5,0407420181557185E-05
1872,100314654028	5,035159943265376E-05
1870,589834608174	5,02912519087157E-05
1869,0787244008752	5,0370075234648434E-05
1867,56698395461	5,057502484969821E-05
1866,0546131918163	5,07212687965306E-05
1864,5416120348928	5,0719509624764325E-05
1863,0279804061865	5,0599977914981436E-05
1861,5137182280196	5,067134013830487E-05
1859,9988254226628	5,0592505924134895E-05
1858,4833019123544	5,0630067851821677E-05
1856,967147619278	5,086045866444278E-05
1855,4503624655845	5,1253361057388115E-05
1853,932946373392	5,144159808924677E-05
1852,4148992647679	5,135307382081225E-05
1850,896221061732	5,1245339701937635E-05
1849,3769116862823	5,1443472381768943E-05
1847,8569710603588	5,157156848148156E-05
1846,336399105876	5,1608926841573546E-05
1844,8151957446935	5,151484614127401E-05
1843,293360898635	5,147596083175655E-05
1841,7708944894948	5,152566622124119E-05
1840,2477964390055	5,1687210214520116E-05
1838,724066668885	5,1600072305861745E-05
1837,1997051007856	5,1410152345799154E-05
1835,674711656331	5,128532241990405E-05
1834,1490862571118	5,165979920214705E-05
1832,6228288246639	5,208122176505177E-05
1831,0959392804907	5,223214741234874E-05
1829,5684175460592	5,2263956788395966E-05
1828,0402635427854	5,2213576500631165E-05
1826,5114771920526	5,175734681757474E-05
1824,9820584152076	5,162948173480731E-05
1823,4520071335428	5,1921293442540455E-05
1821,9213232683214	5,231953652740196E-05
1820,3900067407703	5,26201933309101E-05
1818,858057472069	5,2879107850119616E-05
1817,3254753833535	5,2761273041746316E-05
1815,792260395734	5,257640182121232E-05
1814,2584124302666	5,24395050838174E-05
1812,7239314079743	5,277630786988405E-05
1811,1888172498366	5,327091838003376E-05
1809,6530698768038	5,341895194063979E-05
1808,1166892097717	5,317319170545694E-05
1806,5796751695998	5,3098440928817884E-05
1805,042027677122	5,3054616151736075E-05
1803,5037466531103	5,2970595467812235E-05
1801,9648320183187	5,3035578844493404E-05
1800,425283693443	5,323445228313776E-05
1798,8851015991531	5,328141330804653E-05
1797,344285656076	5,292377575757419E-05
1795,8028357847907	5,24066812290759E-05
1794,260751905851	5,264899996017895E-05
1792,71803393976	5,3326430064681076E-05
1791,1746818069842	5,386100113602187E-05
1789,630695427957	5,393056769004775E-05
1788,0860747230654	5,389795497049956E-05
1786,540819612659	5,378496421921188E-05
1784,994930017052	5,356520950071831E-05
1783,4484058565067	5,3317274219107265E-05
1781,9012470512644	5,352039262242699E-05
1780,353453521515	5,403537453575349E-05
1778,8050251874156	5,448158914973378E-05
1777,2559619690765	5,439433780766565E-05
1775,706263786582	5,404760968394518E-05
1774,1559305599585	5,390663387587525E-05
1772,6049622092178	5,4129901059035914E-05
1771,0533586543097	5,4309158733849705E-05
1769,5011198151587	5,415202200019676E-05
1767,9482456116493	5,370447524124512E-05
1766,3947359636186	5,366816904070932E-05
1764,8405907908782	5,3876187171171856E-05
1763,285810013189	5,401572104888818E-05
1761,7303935502823	5,431667918707884E-05
1760,1743413218428	5,4833466286655095E-05
1758,617653247522	5,5129263823796014E-05
1757,060329246935	5,5353534627142135E-05
1755,5023692396499	5,529259945807259E-05
1753,9437731452017	5,505678441747558E-05
1752,384540883093	5,5079582230255076E-05
1750,8246723727752	5,534884628375251E-05
1749,2641675336708	5,531696864927467E-05
1747,703026285155	5,513230580436324E-05
1746,1412485465808	5,5075162647021174E-05
1744,578834237247	5,5536431938362205E-05
1743,0157832764198	5,59988126293868E-05
1741,4520955833286	5,615103161792538E-05
1739,8877710771667	5,632074313565194E-05
1738,32280967708	5,644881684090799E-05
1736,7572113021852	5,6559427771657335E-05
1735,1909758715628	5,6860602535555556E-05
1733,6241033042425	5,6913271952085866E-05
1732,0565935192317	5,687058540831598E-05
1730,4884464354873	5,64859548995966E-05
1728,9196619719405	5,631328791504718E-05
1727,350240047468	5,659735741973606E-05
1725,7801805809286	5,701182693215035E-05
1724,2094834911295	5,703620820698303E-05
1722,6381486968385	5,6886459466808E-05
1721,0661761167976	5,6792205844038525E-05
1719,493565669709	5,674062703941539E-05
1717,9203172742236	5,669673894125825E-05
1716,3464308489638	5,692236922770663E-05
1714,7719063125223	5,695957507823596E-05
1713,1967435834486	5,699055127951948E-05
1711,6209425802408	5,737627005840033E-05
1710,0445032213793	5,7859391668480176E-05
1708,467425425304	5,791875768738081E-05
1706,8897091104081	5,7974911688956836E-05
1705,3113541950515	5,8019086279561174E-05
1703,732360597558	5,806575516264874E-05
1702,152728236215	5,815247904033478E-05
1700,5724570292768	5,833672014573121E-05
1698,9915468949475	5,833397051715143E-05
1697,4099977514052	5,806930007786764E-05
1695,8278095167843	5,783907172130313E-05
1694,244982109194	5,8112741732725664E-05
1692,661515446689	5,849376269386982E-05
1691,0774094473054	5,8994292667227914E-05
1689,492664029025	5,9150436797794645E-05
1687,9072791098079	5,9164856961889774E-05
1686,3212546075629	5,9289503947278426E-05
1684,7345904401773	5,9351084256771564E-05
1683,1472865254873	5,924728467617061E-05
1681,5593427812964	5,933632214904244E-05
1679,9707591253828	5,949256389016941E-05
1678,3815354754734	5,958605946319617E-05
1676,7916717492699	5,94242527474204E-05
1675,201167864423	5,94340999531991E-05
1673,6100237385617	5,964016821494162E-05
1672,0182392892712	5,982857779761011E-05
1670,4258144341002	5,984873041617669E-05
1668,8327490905613	6,0001571728837576E-05
1667,2390431761378	6,0316515694887993E-05
1665,6446966082585	6,0824125122728766E-05
1664,0497093043377	6,107000925344813E-05
1662,4540811817424	6,118064764940899E-05
1660,857812157803	6,122649173189544E-05
1659,2609021498101	6,121049886689578E-05
1657,6633510750326	6,0890925847185296E-05
1656,0651588506917	6,0787991570729374E-05
1654,4663253939652	6,106451595250473E-05
1652,8668506220165	6,170815186647792E-05
1651,266734451954	6,209768506069857E-05
1649,6659768008612	6,197462200603138E-05
1648,064577585781	6,159914841253857E-05
1646,4625367237168	6,142732614477047E-05
1644,8598541316424	6,122528106070236E-05
1643,2565297264955	6,117426759001458E-05
1641,6525634251739	6,129872205503704E-05
1640,0479551445424	6,141026602655088E-05
1638,4427048014331	6,134591789299036E-05
1636,8368123126347	6,12197076754807E-05
1635,2302775949029	6,114775371231737E-05
1633,623100564968	6,137070383237562E-05
1632,0152811395092	6,15522548234496E-05
1630,406819235177	6,144055816402521E-05
1628,7977147685924	6,126418529925722E-05
1627,1879676563294	6,137432816651649E-05
1625,5775778149327	6,15942146834403E-05
1623,9665451609217	6,167670406249226E-05
1622,3548696107573	6,152620343054317E-05
1620,7425510808825	6,131134200705733E-05
1619,129589487704	6,117310740005343E-05
1617,5159847475843	6,143102611442176E-05
1615,9017367768647	6,176349425206047E-05
1614,2868454918353	6,18782901207257E-05
1612,6713108087606	6,185813870686205E-05
1611,0551326438763	6,220471539434243E-05
1609,4383109133632	6,236697066326475E-05
1607,820845533388	6,218655243570035E-05
1606,202736420073	6,20360518110248E-05
1604,5839834895014	6,231649263278513E-05
1602,9645866577266	6,282416645346614E-05
1601,3445458407768	6,31542349961544E-05
1599,7238609546257	6,295091330333868E-05
1598,102531915225	6,264683815008561E-05
1596,4805586384937	6,246771506794803E-05
1594,8579410403072	6,267008892077032E-05
1593,2346790365118	6,28422594790527E-05
1591,610772542921	6,271068263438163E-05
1589,9862214753011	6,249893345689487E-05
1588,3610257494074	6,255415693754183E-05
1586,7351852809406	6,259274762291408E-05
1585,1086999855725	6,271603075114695E-05
1583,4815697789418	6,293534857606727E-05
1581,8537945766548	6,324384404929272E-05
1580,2253742942812	6,341954778528034E-05
1578,5963088473545	6,325264942277848E-05
1576,9665981513826	6,299581065151246E-05
1575,3362421218262	6,320166093752158E-05
1573,7052406741204	6,371653868758365E-05
1572,073593723664	6,39211717496129E-05
1570,441301185827	6,397622376676654E-05
1568,8083629759312	6,411019402899813E-05
1567,1747790092886	6,402267337178051E-05
1565,5405492011487	6,382701717793031E-05
1563,9056734667429	6,368026431261638E-05
1562,2701517212736	6,375151454148253E-05
1560,6339838798995	6,376678791061052E-05
1558,9971698577465	6,343601441224644E-05
1557,3597095699115	6,296629293905883E-05
1555,7216029314513	6,293861619419987E-05
1554,0828498574047	6,340443654895302E-05
1552,4434502627519	6,390850284398829E-05
1550,8034040624589	6,417938389086102E-05
1549,1627111714515	6,425959288010046E-05
1547,521371504623	6,424532618256545E-05
1545,8793849768335	6,43766572005412E-05
1544,236751502911	6,437914974028379E-05
1542,5934709976427	6,452623140581398E-05
1540,949543375791	6,482391963457632E-05
1539,3049685520855	6,475751214323515E-05
1537,6597464412189	6,443931231642821E-05
1536,013876957848	6,464912929645303E-05
1534,3673600166003	6,513391067716127E-05
1532,720195532067	6,520342423974019E-05
1531,0723834188138	6,473826999621553E-05
1529,4239235913738	6,416168764120714E-05
1527,7748159642251	6,374407077148813E-05
1526,1250604518464	6,389684341144875E-05
1524,4746569686577	6,441723750430805E-05
1522,8236054290537	6,467427347844548E-05
1521,1719057474038	6,458108151648605E-05
1519,5195578380335	6,448038671450235E-05
1517,866561615243	6,454847589025313E-05
1516,2129169932996	6,489216265412221E-05
1514,5586238864307	6,508139602667102E-05
1512,9036822088383	6,502980972849918E-05
1511,248091874695	6,492774603013561E-05
1509,5918527981266	6,513513885456304E-05
1507,9349648932402	6,517132105301684E-05
1506,2774280741069	6,537979042594839E-05
1504,619242254761	6,577246216850845E-05
1502,9604073492046	6,593956775231819E-05
1501,3009232714248	6,56065273459695E-05
1499,6407899353435	6,541863429596965E-05
1497,9800072548824	6,550889495006826E-05
1496,318575143916	6,55611750817246E-05
1494,6564935162824	6,542388572704976E-05
1492,9937622857942	6,5599299206114E-05
1491,3303813662387	6,553141681763975E-05
1489,6663506713594	6,530186587292186E-05
1488,0016701148706	6,524629387465426E-05
1486,3363396104542	6,552570674653015E-05
1484,6703590717698	6,603849324053494E-05
1483,00372841243	6,68433161600042E-05
1481,336447546033	6,722896710724729E-05
1479,668516386122	6,733923910274021E-05
1477,9999348462297	6,736037804308485E-05
1476,3307028398522	6,743165628185042E-05
1474,6608202804491	6,744284730272757E-05
1472,990287081444	6,737084011827452E-05
1471,319103156242	6,750657939576167E-05
1469,6472684182118	6,802725632612919E-05
1467,9747827806823	6,829770931010395E-05
1466,3016461569605	6,807424897542052E-05
1464,6278584603206	6,76803146764527E-05
1462,953419604004	6,797073896838193E-05
1461,2783295012196	6,854272117205268E-05
1459,6025880651468	6,859163066915574E-05
1457,9261952089291	6,822393905831883E-05
1456,2491508456878	6,811928168075547E-05
1454,571454888508	6,820043786281798E-05
1452,893107250442	6,867080479998042E-05
1451,214107844513	6,944252477698564E-05
1449,534456583715	6,972873754633429E-05
1447,8541533810094	6,952021570694957E-05
1446,173198149325	6,955798985335492E-05
1444,491590801561	6,973741255974205E-05
1442,8093312505844	7,004227888012435E-05
1441,1264194092364	7,014619310835783E-05
1439,442855190322	6,980835250988616E-05
1437,7586385066206	6,957025886927892E-05
1436,0737692708717	6,993947436780149E-05
1434,3882473957965	7,043506274581965E-05
1432,7020727940762	7,04640504640869E-05
1431,0152453783703	7,057044831885685E-05
1429,3277650612945	7,087554641946516E-05
1427,6396317554463	7,057100904989801E-05
1425,9508453733833	7,00043693311474E-05
1424,261405827645	6,980013423344566E-05
1422,5713130307304	7,076181288260362E-05
1420,8805668951136	7,174313648896125E-05
1419,189167333232	7,162418631033273E-05
1417,4971142574977	7,113348823658176E-05
1415,8044075802936	7,098923393035941E-05
1414,1110472139699	7,103055191387067E-05
1412,4170330708475	7,134402688955418E-05
1410,7223650632186	7,204552272673059E-05
1409,027043103346	7,245761053975826E-05
1407,3310671034524	7,244284119907354E-05
1405,6344369757498	7,23518442451337E-05
1403,937152632403	7,202071988715255E-05
1402,2392139855547	7,191427713112774E-05
1400,5406209473185	7,196492543281918E-05
1398,8413734297792	7,229164672738077E-05
1397,1414713449813	7,235630519279788E-05
1395,440914604951	7,232534729697286E-05
1393,7397031216897	7,266503259372394E-05
1392,0378368071506	7,3300510248738E-05
1390,335315573273	7,358859561605846E-05
1388,6321393319631	7,34784748731198E-05
1386,928307995091	7,350855239560394E-05
1385,2238214745084	7,36760115847928E-05
1383,5186796820308	7,360219141054225E-05
1381,8128825294443	7,328844313106935E-05
1380,1064299285063	7,31661849494265E-05
1378,3993217909483	7,373008666476216E-05
1376,6915580284694	7,437098432938246E-05
1374,9831385527468	7,429071231629165E-05
1373,2740632754103	7,4261373676248E-05
1371,564332108086	7,46149543947734E-05
1369,8539449623458	7,489644109371854E-05
1368,1429017497503	7,492435161123994E-05
1366,431202381831	7,485157186273542E-05
1364,7188467700798	7,493462270757536E-05
1363,0058348259627	7,526698708978287E-05
1361,292166460924	7,563881794100297E-05
1359,5778415863751	7,57521735036945E-05
1357,8628601136952	7,566201425201878E-05
1356,1472219542447	7,620759904705824E-05
1354,4309270193407	7,705594606692642E-05
1352,7139752202893	7,704376308016207E-05
1350,9963664683492	7,688311341957504E-05
1349,2781006747682	7,686223562533458E-05
1347,559177750758	7,672037401902156E-05
1345,8395976074971	7,665071424950898E-05
1344,1193601561426	7,712242710725051E-05
1342,3984653078223	7,752525415188133E-05
1340,676912973635	7,774346037266393E-05
1338,95470306465	7,80600142258282E-05
1337,2318354919116	7,861840841689562E-05
1335,508310166435	7,863455995928161E-05
1333,7841269992023	7,83321234073427E-05
1332,059285901174	7,86303223584215E-05
1330,3337867832852	7,898114133387912E-05
1328,6076295564308	7,899380822184735E-05
1326,8808141314948	7,920918537678972E-05
1325,1533404193106	7,961668804239413E-05
1323,4252083307147	7,985709762444621E-05
1321,6964177764858	8,029735521487285E-05
1319,9669686673915	8,138198623425725E-05
1318,2368609141668	8,211946684001901E-05
1316,5060944275283	8,22966314012937E-05
1314,7746691181492	8,22240509292117E-05
1313,042584896688	8,228065060635998E-05
1311,3098416737666	8,246377754345863E-05
1309,5764393599857	8,263393126882373E-05
1307,8423778659198	8,23954620805265E-05
1306,1076571021113	8,22395831188265E-05
1304,3722769790766	8,224187016182843E-05
1302,6362374073105	8,278414826222159E-05
1300,899538297268	8,366374045255016E-05
1299,1621795593928	8,433054677813874E-05
1297,4241611040852	8,454239447487432E-05
1295,6854828417381	8,438947883844826E-05
1293,9461446826972	8,379668026530055E-05
1292,2061465372935	8,363005752400413E-05
1290,4654883158255	8,381532436007302E-05
1288,7241699285769	8,426333256975382E-05
1286,9821912857842	8,43520533181752E-05
1285,2395522976767	8,487865798163162E-05
1283,4962528744363	8,556706140583814E-05
1281,7522929262414	8,605597718386954E-05
1280,0076723632374	8,601541256882965E-05
1278,262391095519	8,606811221622877E-05
1276,5164490331954	8,623408904171451E-05
1274,7698460863176	8,627695516047579E-05
1273,0225821649183	8,602229164821794E-05
1271,2746571790085	8,682720664930787E-05
1269,5260710385774	8,783609863616573E-05
1267,776823653574	8,822940465581766E-05
1266,0269149339256	8,82236659643427E-05
1264,276344789545	8,83770247649809E-05
1262,5251131302975	8,881154227759772E-05
1260,7732198660487	8,882069256601693E-05
1259,0206649066167	8,857464751162578E-05
1257,2674481618014	8,866815692514828E-05
1255,5135695413737	8,884080254894928E-05
1253,7590289550863	8,932583510111648E-05
1252,003826312659	8,94739571166528E-05
1250,2479615237862	8,939290282644517E-05
1248,4914344981444	8,947793628408014E-05
1246,7342451453696	8,986568795843777E-05
1244,976393375091	9,019010585729705E-05
1243,21787909689	9,058492199816014E-05
1241,458702220345	9,049693734622926E-05
1239,6988626549937	9,04479177161928E-05
1237,938360310356	9,081102071407177E-05
1236,1771950959155	9,155386889670648E-05
1234,4153669211482	9,2082656185465E-05
1232,6528756954904	9,237961387221014E-05
1230,8897213283526	9,210763057618039E-05
1229,1259037291384	9,19886447085981E-05
1227,3614228072001	9,215887737293045E-05
1225,5962784718831	9,287034203765965E-05
1223,8304706325034	9,330466312176492E-05
1222,0639991983517	9,31112785367367E-05
1220,2968640786894	9,289419889398049E-05
1218,5290651827563	9,322155521810953E-05
1216,760602419774	9,396680171739987E-05
1214,9914756989238	9,418840390912086E-05
1213,22168492938	9,392255845672307E-05
1211,4512300202805	9,397820312201538E-05
1209,6801108807376	9,450319513100929E-05
1207,9083274198456	9,508400723187139E-05
1206,135879546673	9,549577192150856E-05
1204,3627671702598	9,546491802691959E-05
1202,5889901996234	9,538407905258355E-05
1200,8145485437599	9,556078176940758E-05
1199,0394421116362	9,572147965204024E-05
1197,2636708122009	9,557628222523786E-05
1195,48723455437	9,536700131329985E-05
1193,710133247041	9,583360287901677E-05
1191,9323667990866	9,66844488847367E-05
1190,153935119357	9,704623625923252E-05
1188,374838116666	9,7025068261198E-05
1186,5950756998282	9,729220253192679E-05
1184,8146477776027	9,733677508601049E-05
1183,0335542587563	9,684723724390268E-05
1181,2517950520087	9,671073105690302E-05
1179,4693700660682	9,748777821315497E-05
1177,6862792096072	9,813103603408136E-05
1175,9025223912868	9,824235820604866E-05
1174,1180995197428	9,805361303293108E-05
1172,3330105035784	9,823701436552609E-05
1170,547255251382	9,829675513285013E-05
1168,7608336717167	9,813310231914467E-05
1166,9737456731164	9,795233441977921E-05
1165,1859911641004	9,839519581002616E-05
1163,3975700531591	9,911323879786138E-05
1161,6084822487537	0,00010010532623840827
1159,8187276593417	0,00010062207041450868
1158,0283061933333	0,00010075144787682232
1156,237217759135	0,00010040703355205419
1154,4454622651137	9,993154725376833E-05
1152,6530396196285	9,988427483038788E-05
1150,8599497310024	0,00010027947108641184
1149,0661925075437	0,00010059130442790312
1147,271767857539	0,00010112253838349855
1145,4766756892386	0,00010166784378168477
1143,6809159108925	0,00010216188614280285
1141,8844884307	0,00010222034726931966
1140,0873931568676	0,00010184285971779455
1138,2896299975546	0,00010146220054804043
1136,4911988609092	0,00010151913857943149
1134,6920996550543	0,00010160543799078385
1132,8923322880946	0,00010212774814061972
1131,091896668102	0,00010291265467283514
1129,290792703141	0,00010316136832998729
1127,4890203012328	0,00010279402540501334
1125,6865793703982	0,00010231440907858673
1123,883469818622	0,00010214025296309331
1122,079691553874	0,00010225245986707118
1120,2752444840953	0,00010285864192405671
1118,4701285172123	0,00010381426631819015
1116,6643435611186	0,00010421012824111249
1114,8578895236933	0,00010421970370552541
1113,0507663127974	0,00010441988855404332
1111,2429738362625	0,00010457390404005837
1109,4345120018988	0,00010450385681161006
1107,6253807174944	0,00010488432425885763
1105,8155798908228	0,00010587869320402385
1104,0051094296286	0,0001062562246794147
1102,1939692416381	0,00010604905611583735
1100,382159234552	0,0001062053984475143
1098,5696793160496	0,00010608359080792107
1096,7565293937987	0,00010569755743532499
1094,9427093754275	0,00010599345677577842
1093,1282191685677	0,00010716291540113402
1091,3130586807965	0,00010773915308348482
1089,4972278197056	0,00010765953932003478
1087,6807264928393	0,00010781098062931233
1085,8635546077276	0,00010855989933218193
1084,0457120718856	0,00010901366872793126
1082,2271987927961	0,00010867554615508585
1080,408014677938	0,00010833241442534622
1078,58815963475	0,00010850917039388451
1076,7676335706637	0,00010830028993652542
1074,9464363930783	0,00010790672378712448
1073,1245680093816	0,0001081358736965243
1071,3020283269434	0,00010878536851599156
1069,4788172530934	0,0001092968072331925
1067,6549346951651	0,00010975550600671852
1065,8303805604555	0,000109743180532364
1064,005154756247	0,000109451305386219
1062,1792571897968	0,0001092720545561177
1060,3526877683435	0,00010864698865999254
1058,5254463991114	0,00010851838300775752
1056,6975329892957	0,00010926832212490684
1054,868947446077	0,00011007504325244297
1053,0396896766142	0,00011068772606317702
1051,2097595880405	0,00011104700180124547
1049,3791570874746	0,00011131958073841334
1047,5478820820172	0,00011128299484049637
1045,7159344787433	0,00011114661583762612
1043,8833141847135	0,00011136940246198851
1042,0500211069593	0,00011171130575612059
1040,2160551525012	0,00011230113691437832
1038,381416228338	0,00011240132408155284
1036,54610424145	0,00011210105645241967
1034,710119098785	0,00011255629721186203
1032,873460707291	0,00011334425939243927
1031,0361289738794	0,00011448387907607618
1029,1981238054505	0,0001152327265520632
1027,3594451088866	0,00011508565605095495
1025,5200927910446	0,00011509720267681688
1023,6800667587704	0,00011536091754470777
1021,8393669188736	0,00011569142205224575
1019,9979931781636	0,0001162057202698591
1018,1559454434246	0,00011615027770763322
1016,3132236214115	0,00011625394385541601
1014,4698276188719	0,00011704619381613123
1012,6257573425319	0,00011788297044728272
1010,7810126990953	0,00011788175714933382
1008,9355935952481	0,00011806727878649231
1007,0894999376578	0,00011841102520300978
1005,2427316329704	0,00011823952252062934
1003,395288587817	0,00011877118204422073
1001,5471707088109	0,00011985649973549241
999,6983779025431	0,00012034716234723517
997,8489100755796	0,00012071746624327205
995,9987671344861	0,0001209649587995546
994,1479489857884	0,00012028299283037157
992,2964555360122	0,00011961157995261576
990,4442866916506	0,00012078363678081535
988,5914423591857	0,0001228544372162664
986,7379224450815	0,0001241921885101196
984,8837268557727	0,0001246168429112498
983,0288554976978	0,00012455382398971499
981,1733082772516	0,00012483172016527813
979,3170851008326	0,00012592539319645593
977,4601858748028	0,00012633835637541644
975,6026105055207	0,00012618200663376176
973,7443588993228	0,00012586371998343093
971,8854309625203	0,00012563423202816617
970,0258266014098	0,00012611383891399363
968,1655457222805	0,00012706363407960183
966,3045882313927	0,0001276866112636228
964,4429540349847	0,00012741695199051825
962,5806430392913	0,00012652121425716533
960,7176551505218	0,000126875533437164
958,8539902748671	0,00012740124423351402
956,9896483185003	0,00012798365506770833
955,1246291875796	0,00012903165943230704
953,2589327882488	0,0001301565483008108
951,3925590266226	0,00013067611186265706
949,5255078088157	0,00013108955615036158
947,6577790409065	0,00013121448688185907
945,7893726289767	0,00013171632332561773
943,920288479072	0,00013285271153143632
942,0505264972307	0,00013326959418736423
940,1800865894693	0,00013307218758890592
938,3089686617968	0,0001334242777029287
936,4371726201935	0,00013406975178672007
934,564698370632	0,00013549162844432724
932,6915458190597	0,00013692744662282717
930,8177148714167	0,00013736858105529835
928,9432054336175	0,0001376674655166212
927,068017411566	0,00013798204458567587
925,1921507111438	0,0001379959648792141
923,3156052382292	0,0001378664095027834
921,438380898664	0,00013783529679525384
919,5604775982865	0,00013851337785140898
917,6818952429203	0,0001388743078805445
915,8026337383635	0,00013883080447520542
913,9226929904034	0,00013908298873624967
912,0420729048165	0,00013997503839285243
910,1607733873534	0,00014147265061790964
908,278794343747	0,00014246600549166745
906,3961356797299	0,00014251653721195054
904,5127973010021	0,00014289934464381592
902,6287791132563	0,00014374505201448706
900,7440810221633	0,00014397320618314726
898,8587029333867	0,00014389215148189266
896,9726447525682	0,00014402990055561348
895,085906385335	0,0001441788548272847
893,1984877372961	0,00014447464546141548
891,3103887140533	0,00014525790158107855
889,4216092211827	0,00014601006816380952
887,5321491642535	0,00014652901852370496
885,6420084488091	0,00014677553877138057
883,7511869803893	0,00014630676993467544
881,8596846645123	0,0001460193569992747
879,9675014066815	0,00014735891335404978
878,074637112386	0,00014958914940769977
876,1810916870963	0,0001502219603214634
874,2868650362761	0,00015050588565492494
872,391957065367	0,00015126778298156038
870,4963676797925	0,0001513021795482269
868,6000967849759	0,0001509662864634247
866,7031442863081	0,00015106537014836737
864,8055100891797	0,00015098350458968645
862,9071940989525	0,00015100114924868925
861,0081962209879	0,00015110056532344245
859,1085163606185	0,00015164459563366933
857,2081544231769	0,00015271172903591598
855,3071103139773	0,00015399911920439352
853,4053839383014	0,00015441073810352706
851,5029752014489	0,00015447819062954638
849,5998840086759	0,00015501596508123798
847,6961102652422	0,00015500255893465507
845,791653876382	0,00015446692136632248
843,8865147473261	0,00015394663850199064
841,9806927832797	0,0001541765783243092
840,0741878894441	0,00015527266142769587
838,1669999710066	0,000156229449153834
836,2591289331285	0,0001562965987500332
834,3505746809678	0,0001570414450517146
832,4413371196715	0,00015814964461963377
830,5314161543611	0,00015851459236222745
828,6208116901544	0,00015826002458404337
826,7095236321475	0,00015800942059514776
824,7975518854328	0,00015792970190807822
822,8848963550809	0,00015794875853736152
820,9715569461514	0,00015827298439316067
819,0575335636968	0,00015928798677652793
817,1428261127476	0,00016104166350344037
815,2274344983198	0,0001619596024491479
813,3113586254221	0,0001617250551235798
811,3945983990525	0,00016156847933455356
809,4771537241904	0,00016099467054941062
807,5590245058011	0,00016014896072947158
805,6402106488385	0,00016008610836981923
803,7207120582498	0,0001602720852536848
801,8005286389562	0,0001603492108145005
799,8796602958828	0,00016070698308576876
797,9581069339292	0,00016149819887005973
796,0358684579842	0,00016305443246446047
794,112944772929	0,0001638791410762374
792,189335783627	0,0001637605740303064
790,2650413949341	0,00016282857810696416
788,340061511688	0,00016244163607876332
786,4143960387228	0,00016261478094632104
784,4880448808472	0,00016306121539740525
782,5610079428661	0,00016324650044734343
780,6332851295774	0,00016361187055585112
778,7048763457533	0,00016417093737692388
776,7757814961697	0,0001648300301925169
774,8460004855733	0,00016426588507183754
772,9155332187111	0,0001638447058954414
770,9843796003152	0,00016434201420025216
769,0525395351069	0,00016547211504675823
767,1200129277895	0,00016647776104501235
765,1867996830588	0,00016719509783321056
763,2528997056106	0,00016718704887933107
761,3183129001045	0,00016781843026016295
759,3830391712108	0,0001694917010464191
757,4470784235709	0,00017052194943076757
755,5104305618333	0,00017056134947529049
753,5730954906212	0,00017085634127132963
751,6350731145503	0,00017076517251501908
749,6963633382256	0,00017029691602454174
747,7569660662375	0,0001703737167242354
745,8168812031727	0,00017069358762050155
743,8761086536033	0,0001701667210639898
741,934648322087	0,00017019998865573774
739,9925001131742	0,0001708850110625105
738,0496639314042	0,0001704566706645981
736,1061396813056	0,00016972285390861645
734,1619272673925	0,00017020400888027184
732,217026594175	0,00017098458626777977
730,2714375661453	0,00017147892681146595
728,3251600877957	0,0001708303473954674
726,3781940635927	0,00016979751779631238
724,4305393980067	0,00017025627855871484
722,4821959954897	0,00017173307586991463
720,5331637604831	0,00017318747863508168
718,5834425974244	0,00017426433884554766
716,6330324107366	0,00017475470132844045
714,6819331048282	0,0001745518330052955
712,7301445841113	0,00017452326603936138
710,7776667529724	0,00017400973070523117
708,8244995157911	0,00017319162968736714
706,8706427769503	0,00017293476189214792
704,9160964408111	0,0001731463009094279
702,9608604117202	0,00017370332475070505
701,0049345940315	0,00017366752060705667
699,0483188920734	0,00017359148950844508
697,0910132101744	0,00017411108246161614
695,1330174526447	0,00017439725678353613
693,1743315237982	0,00017497750536644895
691,2149553279232	0,00017571058363886373
689,254888769312	0,00017634455723485368
687,2941317522454	0,00017674072349865635
685,3326841809903	0,0001764831494840191
683,3705459598023	0,00017555138244752303
681,4077169929369	0,00017544076586079133
679,4441971846354	0,00017717621349810984
677,479986439128	0,00017959366492515
675,5150846606375	0,00018152088373642213
673,549491753387	0,00018254399387513442
671,5832076215775	0,00018167502841098291
669,6162321694064	0,00018074603485109875
667,6485653010641	0,00018145286493644646
665,6802069207333	0,00018213572422123286
663,7111569325862	0,00018199267059773092
661,74141524078	0,00018351893727778167
659,7709817494797	0,00018514008933516658
657,7998563628244	0,00018613779557573852
655,8280389849533	0,000187786884254103
653,8555295200058	0,00019173779469627852
651,8823278720956	0,00019740060281102007
649,9084339453402	0,0002029631075409598
647,9338476438497	0,00020554981258727424
645,9585688717198	0,00020394676122902048
643,9825975330386	0,0001988559729887995
642,0059335318947	0,0001943060569761195
640,0285767723581	0,00019235192544483814
638,0505271585025	0,00019275720526935617
636,0717845943873	0,0001930549688768714
634,092348984057	0,0001927463575676709
632,1122202315637	0,00019187231587940547
630,1313982409483	0,00019046757610008844
628,1498829162338	0,00018953874875981787
626,1676741614465	0,0001902019797467253
624,184771880602	0,00019137177267604377
622,201175977716	0,0001923735948220155
620,2168863567786	0,00019336742116623918
618,2319029217906	0,00019378910727997132
616,2462255767387	0,00019326703789416483
614,2598542256092	0,00019462482633973935
612,2727887723704	0,0001961639321500067
610,2850291209907	0,00019587504096648436
608,2965751754309	0,00019508531870060142
606,3074268396485	0,00019480656556943932
604,3175840175827	0,00019532867937499364
602,3270466131871	0,00019571105356152744
600,3358145303864	0,00019622292284356897
598,3438876731161	0,0001980612345686141
596,3512659452936	0,00020004874894383496
594,3579492508361	0,0002008588335282142
592,3639374936502	0,00020133059667075745
590,3692305776458	0,0002019355141643336
588,3738284067149	0,00020172224827600174
586,377730884753	0,00020085137605584788
584,3809379156446	0,00020021597717451354
582,3834494032708	0,00020203130526838626
580,3852652515016	0,00020446613817727603
578,3863853642106	0,0002054563066851515
576,3868096452607	0,00020534907689985496
574,3865379985073	0,0002041348817728422
572,3855703278023	0,00020264202028253295
570,3839065369939	0,00020258826207045864
568,3815465299194	0,00020348325100778922
566,3784902104198	0,00020418529543794184
564,3747374823215	0,00020453021970911944
562,3702882494508	0,0002053524046245427
560,3651424156305	0,00020556063478101625
558,3592998846725	0,00020592595957981261
556,3527605603922	0,0002064453909575805
554,3455243465905	0,00020836737958953406
552,3375911470685	0,00021042267731203796
550,3289608656232	0,00021158782430827168
548,3196334060485	0,00021217525840709641
546,3096086721271	0,00021150946806185931
544,2988865676416	0,000209955978331029
542,2874669963749	0,00020924523136974166
540,2753498620878	0,00020867047163512686
538,262535068563	0,0002080334520739324
536,2490225195615	0,0002093113254548889
534,2348121188406	0,00021142020092092715
532,2199037701539	0,00021235273453616842
530,2042973772623	0,0002125221058739583
528,1879928439048	0,00021268564479928412
526,1709900738351	0,00021315351297636836
524,1532889707851	0,0002136574093300016
522,1348894384973	0,0002144171920235877
520,1157913806965	0,00021569409248371128
518,0959947011252	0,00021629659439455792
516,075499303497	0,00021646157483350985
514,0543050915367	0,00021616609140073177
512,0324119689649	0,0002152249117516265
510,0098198394953	0,00021479187352135343
507,9865286068489	0,00021495368904429519
505,9625381747137	0,00021483527876316072
503,93784844681795	0,0002153649603456126
501,9124593268498	0,00021668572333330806
499,8863707185119	0,00021838883042568449
497,8595825254997	0,00021888648082713498
495,8320946515123	0,0002185208459398236
493,80390700023054	0,00021770953512633066
491,7750194753535	0,00021706219577900866
489,7454319805547	0,00021612740458110455
487,71514441952604	0,0002160241934237287
485,68415669594106	0,00021652912621266892
483,65246871348427	0,00021703360108997385
481,620080375822	0,00021716092853176465
479,5869915866351	0,00021743250857686494
477,5532022495863	0,00021808762606851826
475,5187122683492	0,00021824284035996136
473,48352154659005	0,0002181743381486496
471,4476299879643	0,0002197547792164928
469,4110374961456	0,0002203828447379494
467,37374397478925	0,00021993213799486493
465,33574932755073	0,00022026256068409771
463,29705345808543	0,00022020986585618917
461,2576562700524	0,00021898135937078154
459,21755766711067	0,0002196677794653169
457,17675755289747	0,00022139815851618698
455,13525583107185	0,00022185546415887117
453,09305240527465	0,0002218379995014647
451,0501471791613	0,0002230789650362559
449,00654005637625	0,00022304134434680418
446,9622309405604	0,00022264112842743398
444,91721973536187	0,00022172421304985203
442,87150634441423	0,0002216815980667168
440,8250906713656	0,00022239093955434976
438,7779726198569	0,00022343783202240442
436,7301520935289	0,0002250187007395275
434,6816289960152	0,00022731510678576682
432,63240323095306	0,00022718021744583285
430,5824747019833	0,00022533293016352573
428,53184331274315	0,0002251798186595953
426,4805089668662	0,00023433440931033153
424,4284715679896	0,000256477799897869
422,3757310197507	0,00028594121734012735
420,32228722577565	0,00030472776210867914
418,2681400897127	0,000297856134963618
416,2132895151881	0,0002703118132586482
414,1577354058354	0,00024461031780940177
412,1014776652919	0,000230129129469528
410,04451619719475	0,00022343391474032744
407,9868509051739	0,0002207674683463402
405,92848169287026	0,000220424662965581
403,8694084639137	0,00021980735842054919
401,8096311219342	0,0002186076443977022
399,74914957058354	0,00021790264317741477
397,687963713488	0,00021849543596441588
395,62607345428114	0,00021755209418784392
393,5634786966111	0,000215506631053534
391,5001793441079	0,00021570672221855612
389,4361753004123	0,00021884923711234087
387,37146646916517	0,0002228402655517252
385,3060527540147	0,00022953653622584966
383,2399340585871	0,00023781337756307528
381,17311028653785	0,00024245306241364723
379,1055813415078	0,00023834045162786014
377,03734712714504	0,0002294272179865474
374,96840754709046	0,00022072810890859862
372,89876250499583	0,0002170319224699455
370,82841190450563	0,00021844324210035926
368,7573556492789	0,00022040729764038987
366,6855936429638	0,00022004793011921541
364,61312578921934	0,00021923099487032385
362,53995199169003	0,000218816096842732
360,46607215404583	0,00021948037749386598
358,39148617994215	0,0002209671130796465
356,3161939730344	0,00022259960577163037
354,24019543699615	0,00022240824443830104
352,16349047548647	0,00022027734835283034
350,08607899217895	0,00021895785490393333
348,0079608907399	0,00022092016203789254
345,929136074843	0,0002246183846664158
343,8496044481617	0,00022642755165310933
341,769365914377	0,00022601263470950516
339,6884203771624	0,0002253979603221934
337,6067677402061	0,00022470276962436293
335,524407907189	0,00022267413006533005
333,4413407818065	0,0002202043154820352
331,35756626774673	0,00022071745040717807
329,27308426869786	0,00022276929931578106
327,1878946883626	0,00022348476801950458
325,1019974304363	0,00022384825504550372
323,0153923986254	0,00022315722836506948
320,9280794966362	0,00022263029076741617
318,84005862817867	0,00022286866471728302
316,7513296969628	0,0002236691427294609
314,6618926067058	0,00022637317059370912
312,57174726113226	0,00022855256251634723
310,4808935639594	0,00022878459349789528
308,3893314189154	0,00022919214799299736
306,2970607297393	0,00022921755279295462
304,2040814001557	0,00022851104863971867
302,11039333390727	0,00022765961123626723
300,0159964347331	0,00022555235358114224
297,9208906063868	0,0002239914893720521
295,8250757526148	0,0002265316677222885
293,7285517771779	0,0002302394826883655
291,63131858382985	0,0002328189725658288
289,5333760763315	0,00023293406336184254
287,4347241584546	0,00023201118286992714
285,3353627339784	0,0002328182902671011
283,23529170666734	0,0002353177570710945
281,1345109803151	0,00023770042261759435
279,0330204587044	0,00023828824833303018
276,93082004562166	0,00023607631512860227
274,82790964486776	0,00023599262808733155
272,72428916024364	0,0002387134025138409
270,6199584955575	0,0002403930666717771
268,51491755461757	0,0002399659817734335
266,40916624124657	0,00024046712541984526
264,30270445925635	0,00024300915656805751
262,1955321124842	0,00024570401558054875
260,08764910475657	0,0002458627683416747
257,979055339918	0,00024555014209377547
255,86975072180576	0,00024565560294137966
253,75973515427177	0,0002467678031188029
251,64900854117514	0,00024925908997277635
249,537570786375	0,00025158732893074397
247,42542179373413	0,00025348844753916595
245,31256146712985	0,0002548108329205526
243,19898971044313	0,0002547600514614591
241,08470642755856	0,00025443754732551693
238,96971152236074	0,00025729625766782524
236,85400489875246	0,0002617386003916814
234,7375864606438	0,00026491497094552883
232,62045611193753	0,0002664611976326294
230,502613756551	0,0002664184912124892
228,38405929841247	0,0002659348759958813
226,26479264145382	0,0002672798067141742
224,1448136895997	0,00027056870025509035
222,02412234681105	0,0002735318812340952
219,9027185170271	0,0002758350833806362
217,78060210421245	0,00027744423025539755
215,65777301232447	0,00027923953023043673
213,53423114534598	0,00028118002778076035
211,4099764072489	0,000281669499536012
209,2850087020197	0,00028226120014734874
207,15932793365937	0,00028610952108035426
205,03293400616167	0,0002920264791805427
202,90582682354216	0,00029438061870431186
200,7780062898164	0,00029339622458576396
198,6494723090036	0,0002940351544338793
196,52022478514482	0,00029733281201859687
194,39026362227378	0,00030128483818153343
192,2595887244388	0,0003040883622109652
190,1281999956991	0,0003046612226768656
187,9960973401212	0,0003058535251655701
185,86328066177157	0,00030661572335835693
183,7297498647349	0,0003071384529845149
181,5955048531032	0,00030733461385493784
179,46054553096474	0,0003073565725556853
177,32487180243334	0,0003087087491450746
175,18848357162642	0,0003136339388232231
173,05138074265778	0,00031951037413070337
170,91356321967032	0,0003204138047888496
168,77503090679602	0,00031901334389045576
166,63578370818868	0,000319970947951268
164,4958215280094	0,000321203223384698
162,3551442704229	0,00032482681669900634
160,21375183960845	0,0003282581980963713
158,07164413975624	0,0003294659876748737
155,9288210750492	0,0003299586899687478
153,78528254971025	0,0003324245169088787
151,64102846793685	0,0003360515719070687
149,4960587339665	0,00033759719123192046
147,35037325202575	0,00033531763825999527
145,203971926363	0,0003320183475011299
143,05685466123032	0,0003312095258465363
140,90902136088698	0,00033352963452039385
138,76047192961414	0,00033780018119829245
136,61120627168566	0,0003420383769654738
134,4612242914045	0,00034296573859743965
132,31052589307	0,00034213708702727233
130,1591109809924	0,00034331694028170697
128,00697945950742	0,0003453331781555212
125,8541312329362	0,0003427795071454628
