2517,1980614073927	8,99867646168632E-05
2515,9777570277147	9,0386249348412E-05
2514,756853964558	9,036568031857003E-05
2513,535352163457	9,029457634156054E-05
2512,3132515698944	9,020960662643416E-05
2511,09055212929	9,06895466262165E-05
2509,8672537870134	9,110184756748506E-05
2508,6433564883737	9,09646579599073E-05
2507,418860178632	9,060843561345364E-05
2506,1937648029816	9,057357750179263E-05
2504,9680703065733	9,055294594242439E-05
2503,741776634488	9,103797574647251E-05
2502,5148837317665	9,158506653620203E-05
2501,287391543381	9,156015746834005E-05
2500,059300014258	9,112275664788711E-05
2498,830609089262	9,145258181911114E-05
2497,601318713201	9,199863910010274E-05
2496,371428830831	9,232226773991292E-05
2495,1409393868544	9,24187356106129E-05
2493,909850325912	9,261587902356319E-05
2492,6781615925975	9,283594469058268E-05
2491,445873131437	9,30839516024596E-05
2490,2129848869135	9,280868086745838E-05
2488,9794968034475	9,250524251041036E-05
2487,745408825411	9,259755887345227E-05
2486,5107208971094	9,277504358222545E-05
2485,275432962804	9,26703026284897E-05
2484,039544966692	9,270911869838513E-05
2482,8030568529266	9,23491086953341E-05
2481,565968565592	9,216328957387744E-05
2480,328280048727	9,236804823237764E-05
2479,0899912463174	9,301547712345782E-05
2477,8511021022787	9,328146462313088E-05
2476,6116125604913	9,339118586296575E-05
2475,3715225647666	9,318442219901664E-05
2474,1308320588614	9,32959654617663E-05
2472,889540986491	9,330745156372755E-05
2471,6476492913007	9,338295970702725E-05
2470,4051569168823	9,331958237934603E-05
2469,162063806785	9,344425404122188E-05
2467,9183699044934	9,37714216472252E-05
2466,6740751534344	9,437958324397128E-05
2465,4291794969886	9,489384035881529E-05
2464,1836828784762	9,516789586380801E-05
2462,937585241163	9,499535265082294E-05
2461,6908865282658	9,504501988726906E-05
2460,443586682941	9,526470090331438E-05
2459,1956856482866	9,505091262159106E-05
2457,947183367356	9,44855960496713E-05
2456,698079783142	9,433343203829039E-05
2455,4483748385865	9,47295680034062E-05
2454,1980684765695	9,526376473658818E-05
2452,947160639922	9,493749707998944E-05
2451,695651271426	9,431671297409973E-05
2450,443540313794	9,425388231107288E-05
2449,190827709699	9,497481155165098E-05
2447,937513401752	9,501301331431273E-05
2446,6835973325124	9,480818891205479E-05
2445,4290794444805	9,496961790608865E-05
2444,173959680111	9,548193720033839E-05
2442,9182379817958	9,545015932882569E-05
2441,661914291877	9,551747671109889E-05
2440,404988552642	9,588357054183383E-05
2439,147460706321	9,615306211307231E-05
2437,8893306950977	9,606499547540807E-05
2436,6305984610954	9,593943111351737E-05
2435,3712639463774	9,55231656844526E-05
2434,111327092969	9,532668193784569E-05
2432,85078784283	9,556029823679408E-05
2431,589646137865	9,589337803018756E-05
2430,3279019199326	9,595194762916396E-05
2429,065555130832	9,658723705144187E-05
2427,802605712306	9,72631769685913E-05
2426,539053606055	9,7351945651907E-05
2425,2748987537125	9,715236357816223E-05
2424,010141096862	9,710930781041807E-05
2422,744780577039	9,729997307512375E-05
2421,4788171357213	9,726668132310166E-05
2420,212250714325	9,692093629685858E-05
2418,945081254231	9,707764521402498E-05
2417,677308696748	9,737646337349775E-05
2416,4089329831368	9,737668102258278E-05
2415,1399540546136	9,73107513362992E-05
2413,8703718523284	9,771710638805162E-05
2412,600186317386	9,767504629373927E-05
2411,329397390831	9,718287030603913E-05
2410,058005013667	9,70191477896409E-05
2408,786009126825	9,733932288259708E-05
2407,513409671197	9,724732167696692E-05
2406,240206587616	9,706158441547669E-05
2404,966399816869	9,694926161266756E-05
2403,6919892996775	9,717971174429566E-05
2402,416974976717	9,738051805084229E-05
2401,141356788612	9,737627314524676E-05
2399,865134675925	9,754162013031669E-05
2398,5883085791756	9,815490761696177E-05
2397,310878438824	9,852166195004563E-05
2396,032844195277	9,832261445186901E-05
2394,7542057888895	9,795303937459575E-05
2393,4749631599625	9,808670413650146E-05
2392,1951162487494	9,823785409401753E-05
2390,9146649954455	9,832153217198959E-05
2389,6336093401915	9,848631762305914E-05
2388,3519492230735	9,884815260041767E-05
2387,069684584134	9,91219455139181E-05
2385,786815363357	9,913467356343036E-05
2384,5033415006656	9,87086074485262E-05
2383,219262935949	9,859150570880996E-05
2381,9345796090274	9,869138740365863E-05
2380,6492914596747	9,855962163605837E-05
2379,3633984276057	9,834636007045176E-05
2378,076900452492	9,81626329913237E-05
2376,78979747395	9,860398466659425E-05
2375,502089431535	9,930090658615806E-05
2374,2137762647617	9,943787984600553E-05
2372,9248579130763	9,930603067738588E-05
2371,6353343158953	9,925616146014372E-05
2370,345205412563	9,909935580241785E-05
2369,0544711423754	9,896668308987412E-05
2367,7631314445825	9,931387345509577E-05
2366,4711862583754	9,959173340389691E-05
2365,178635522898	9,959843542999166E-05
2363,8854791772355	9,957902675418218E-05
2362,5917171604233	9,93230772596047E-05
2361,297349411456	9,927617591615587E-05
2360,0023758692478	9,940725671844417E-05
2358,7067964726884	9,959097293295223E-05
2357,4106111606015	0,00010003898494189216
2356,1138198717636	0,0001006165596677555
2354,8164225448927	0,00010104238895950028
2353,518419118667	0,00010115425592095636
2352,2198095316962	0,00010087263530171964
2350,920593722549	0,00010061995892156088
2349,6207716297395	0,00010057364260119926
2348,320343191732	0,00010081980489062516
2347,019308346931	0,0001008154803802253
2345,717667033692	0,00010056075724489077
2344,415419190329	0,00010077418145358939
2343,1125647550907	0,0001008921243593021
2341,809103666179	0,00010065177630245108
2340,505035861741	0,00010058564324816499
2339,20036127988	0,0001008157108479975
2337,895079858641	0,00010102639243539243
2336,5891915360153	0,00010102691595839197
2335,282696249942	0,00010098961527272129
2333,9755939383213	0,00010108478907780303
2332,6678845389906	0,00010142255554620575
2331,359567989726	0,00010166329286827503
2330,050644228275	0,0001020628805119251
2328,741113192318	0,00010249010646175077
2327,430974819483	0,00010236095860955522
2326,1202290473593	0,00010209762361925759
2324,8088758134727	0,00010270057446842493
2323,4969150552934	0,00010361318212575996
2322,184346710259	0,00010378928401321172
2320,8711707157418	0,00010356515663415888
2319,5573870090557	0,00010379086751899835
2318,2429955274856	0,00010421359567219066
2316,9279962082437	0,0001044139783083439
2315,612388988502	0,00010405113970059737
2314,296173805382	0,0001037927351177155
2312,979350595946	0,0001039472651031428
2311,6619192972103	0,00010399510739282697
2310,3438798461357	0,00010403784591813845
2309,0252321796434	0,0001041266598146903
2307,705976234589	0,00010407896460013104
2306,386111947788	0,00010390185585045238
2305,0656392559977	0,00010373951297234542
2303,7445580959284	0,00010374125370626651
2302,422868404232	0,0001040889786415396
2301,10057011752	0,00010428487138553188
2299,77766317235	0,0001041200989654695
2298,454147505221	0,00010424327151612048
2297,130023052592	0,00010478460493331315
2295,805289750868	0,00010503092089126751
2294,4799475363907	0,00010501635453458825
2293,1539963454707	0,00010518456953409706
2291,827436114356	0,00010545164687256043
2290,500266779247	0,00010517960229143057
2289,17248827629	0,00010490327169775543
2287,844100541588	0,00010506300497001413
2286,515103511181	0,000105403747399473
2285,185497121078	0,00010570988126829539
2283,855281307213	0,00010584458487085326
2282,524456005489	0,00010603810439588571
2281,193021151754	0,00010614413238747421
2279,8609766817935	0,00010616742055409913
2278,528322531358	0,00010624057870669074
2277,195058636138	0,00010650499392465342
2275,861184931782	0,00010642496795058425
2274,5267013538796	0,0001062579519950687
2273,1916078379763	0,00010611075018587044
2271,8559043195564	0,00010627861788178778
2270,519590734075	0,0001069026837261053
2269,1826670169103	0,00010712402113940067
2267,845133103412	0,00010670041830975748
2266,5069889288716	0,0001070921621571859
2265,1682344285255	0,00010785950803025297
2263,828869537567	0,00010809122123903091
2262,4888941911413	0,0001080175638793201
2261,1483083243293	0,00010792424572784872
2259,807111872182	0,00010785724125027691
2258,4653047696847	0,00010759115455528301
2257,1228869517763	0,0001071844441177637
2255,7798583533513	0,00010728723860771791
2254,43621890925	0,00010762725035463298
2253,091968554265	0,00010803622025297425
2251,747107223131	0,00010841014296163774
2250,4016348505465	0,00010878092343138261
2249,055551371148	0,00010886685134672387
2247,708856719528	0,00010897750793886352
2246,361550830228	0,00010926213138694653
2245,01363363774	0,00010914673582327181
2243,6651050765104	0,00010881479785303545
2242,3159650809284	0,00010913425469598455
2240,966213585336	0,00010933057730681414
2239,6158505240273	0,00010894397127911203
2238,264875831246	0,00010897742667072411
2236,9132894411923	0,0001092735442310318
2235,561091288	0,00010913110514130917
2234,208281305775	0,0001090704881717115
2232,854859428553	0,00010939241401498314
2231,500825590345	0,0001099084479494069
2230,146179725085	0,0001103319912819031
2228,790921766671	0,00011058463078116668
2227,4350516489612	0,00011041285772463536
2226,078569305744	0,00011018606041561868
2224,7214746707796	0,00011031784957397345
2223,3637676777616	0,00011051019636903331
2222,0054482603446	0,00011086677067804031
2220,6465163521243	0,00011150685666188344
2219,286971886664	0,00011178255571007143
2217,926814797458	0,00011212948224979385
2216,566045017971	0,00011257231882498057
2215,204662481603	0,00011250228494917785
2213,8426671217094	0,00011214677266509299
2212,480058871599	0,00011182398086964129
2211,1168376645364	0,00011143028061030558
2209,753003433725	0,00011131065606267347
2208,3885561123316	0,0001116326180648422
2207,0234956334607	0,0001119427486714584
2205,657821930181	0,00011159732845568204
2204,291534935506	0,00011166825944941816
2202,924634582403	0,00011243765816599417
2201,5571208037836	0,00011295231783217842
2200,1889935325235	0,00011265340339273196
2198,8202527014437	0,00011265508322692802
2197,4508982433035	0,00011283125274242743
2196,080930090837	0,00011318285740038283
2194,7103481767117	0,00011403772286439866
2193,3391524335566	0,00011454355352877923
2191,967342793945	0,00011444110147245709
2190,5949191904074	0,0001144234329608428
2189,221881555426	0,00011438872907058136
2187,8482298214294	0,00011380289630382142
2186,4739639207946	0,00011341508716125724
2185,0990837858662	0,0001138012996581641
2183,723589348927	0,00011456428902093184
2182,3474805422156	0,00011504160101058375
2180,9707572979205	0,0001150332379278029
2179,5934195481823	0,00011509923021976356
2178,2154672250945	0,0001150066716694118
2176,8369002607033	0,00011507923458883878
2175,4577185870075	0,00011549469517236926
2174,0779221359553	0,00011584558400058548
2172,69751083944	0,00011558463202777618
2171,3164846293257	0,00011521791342114218
2169,934843437408	0,00011519473027491421
2168,5525871954487	0,00011519449247689928
2167,1697158351562	0,00011530755439240206
2165,786229288191	0,000115713023051797
2164,4021274861625	0,00011605522745930134
2163,017410360637	0,00011619654544468287
2161,63207784314	0,00011614079869474616
2160,2461298651288	0,00011641015957389225
2158,859566358031	0,00011693084508290159
2157,472387253216	0,00011704406043898142
2156,084592482017	0,00011623387187095545
2154,696181975709	0,0001153478058280187
2153,307155665523	0,00011528218258274384
2151,91751348264	0,0001160243452615064
2150,5272553582	0,00011653158168307734
2149,1363812232885	0,00011650889819473716
2147,744891008948	0,00011606962156853142
2146,3527846461657	0,00011577299012921745
2144,960062065893	0,0001160637302247331
2143,5667231990265	0,0001169227474901426
2142,1727679764153	0,00011752777023335198
2140,7781963288653	0,00011775479751946309
2139,3830081871347	0,00011757079660850232
2137,9872034819273	0,00011723389653751664
2136,590782143903	0,00011677762455726963
2135,1937441036825	0,000116654714970135
2133,7960892918345	0,00011678440982949154
2132,3978176388664	0,0001167275459190174
2130,9989290752637	0,00011627680526751885
2129,5994235314465	0,00011615573879240127
2128,1993009377948	0,00011655969823119409
2126,7985612246375	0,00011710878300456149
2125,397204322264	0,00011744832484065537
2123,9952301609046	0,00011766586468989405
2122,592638670758	0,0001173577422403165
2121,1894297819636	0,00011698655537193786
2119,785603424618	0,00011725028312399432
2118,3811595287734	0,00011775476529298668
2116,976098024428	0,00011826608435360938
2115,570418841544	0,00011848858367895863
2114,164121910024	0,00011832030863023682
2112,7572071597424	0,00011805762076329813
2111,349674520501	0,0001179396918383816
2109,94152392208	0,00011795402424198302
2108,5327552941962	0,00011782959046015564
2107,1233685665284	0,0001180793205390914
2105,7133636687067	0,00011841536400884546
2104,302740530311	0,00011836946619046277
2102,8914990808844	0,00011799303154682178
2101,4796392499084	0,00011769067253800235
2100,067160966835	0,00011777112400291145
2098,654064161052	0,00011802401876462074
2097,2403487619194	0,00011822516390893447
2095,8260146987377	0,00011840531243231421
2094,411061900766	0,0001183785376920251
2092,9954902972167	0,00011817775892861542
2091,579299817251	0,00011806506084000797
2090,1624903899938	0,0001181337322495651
2088,745061944519	0,0001182545503227049
2087,3270144098497	0,00011859759850887861
2085,908347714969	0,00011864156241133062
2084,489061788805	0,00011848324781526371
2083,069156560261	0,0001183969435486874
2081,6486319581672	0,00011840926001912113
2080,2274879113247	0,00011810251951863407
2078,805724348491	0,00011742253936707694
2077,383341198358	0,00011719767442685523
2075,9603383895956	0,00011786741043418993
2074,536715850809	0,00011853348416595262
2073,112473510573	0,00011860884480608869
2071,687611297406	0,00011818754849720661
2070,262129139781	0,00011797434959042259
2068,8360269661316	0,00011801443455828341
2067,409304704841	0,0001178287635535825
2065,981962284248	0,00011738717332980243
2064,553999632648	0,00011747789868179848
2063,1254166782855	0,00011785257115655204
2061,696213349358	0,00011803521789203009
2060,2663895740334	0,00011832308601257248
2058,835945280418	0,0001185466286734585
2057,404880396567	0,00011837482515294853
2055,9731948505178	0,00011785649638900089
2054,540888570231	0,00011728342671834418
2053,1079614836417	0,00011732236382408009
2051,674413518631	0,00011797756412142821
2050,240244603039	0,00011836507190809934
2048,8054546646636	0,00011838049363475184
2047,3700436312429	0,00011850117512170359
2045,9340114304869	0,00011862167913410696
2044,4973579900507	0,00011868104716668775
2043,0600832375494	0,00011827996733060209
2041,6221871005473	0,00011779957593094316
2040,1836695065685	0,00011763303952274242
2038,7445303830864	0,00011758759588245709
2037,3047696575377	0,00011709678924751366
2035,8643872573048	0,00011681111080610206
2034,4233831097372	0,00011690448444679383
2032,98175714213	0,0001166636778392143
2031,5395092817307	0,00011648335864516178
2030,0966394557508	0,0001171062885496998
2028,6531475913507	0,00011774845293034084
2027,2090336156507	0,00011759242482868728
2025,7642974557202	0,0001168313700480213
2024,3189390385996	0,00011663302974831828
2022,8729582912565	0,00011696000172721625
2021,4263551406402	0,00011700979187008154
2019,979129513642	0,00011664723604509352
2018,531281337113	0,00011673058436040565
2017,0828105378532	0,0001167138032487908
2015,633717042634	0,00011668414731981426
2014,1840007781611	0,00011678777868027378
2012,7336616711145	0,00011675513141210105
2011,2826996481162	0,00011628987828111287
2009,8311146357555	0,00011625851353075535
2008,3789065605633	0,00011636840921197479
2006,9260753490416	0,0001161323253322405
2005,4726209276341	0,0001159129982348126
2004,0185432227518	0,00011654697065993237
2002,563842160751	0,00011699007349719705
2001,1085176679553	0,00011698996020386648
1999,6525696706303	0,00011694474189482044
1998,195998095016	0,00011713335123216143
1996,7388028672867	0,00011687345973032097
1995,280983913588	0,00011639030193852942
1993,8225411600179	0,00011613116169061735
1992,3634745326272	0,0001162542028067596
1990,9037839574303	0,0001162098999294951
1989,4434693603835	0,00011623730675653188
1987,9825306674138	0,00011620778067845814
1986,5209678043975	0,00011648790831313651
1985,0587806971707	0,00011641145409371896
1983,595969271515	0,00011605782300969126
1982,1325334531866	0,00011584616090935184
1980,6684731678797	0,0001161246817798228
1979,2037883412595	0,00011611006388328343
1977,7384788989366	0,00011561993864885925
1976,2725447664816	0,0001152110595192244
1974,805985869425	0,00011543347733146361
1973,3388021332503	0,00011569907021665013
1971,870993483397	0,00011599001185530884
1970,4025598452645	0,00011617414806940456
1968,9335011442017	0,00011644710780731778
1967,463817305521	0,00011669571568139276
1965,993508254498	0,0001165370747906671
1964,5225739163398	0,00011635982116866632
1963,0510142162384	0,00011630429752776072
1961,5788290793316	0,00011632556237408566
1960,1060184307025	0,00011654137507526792
1958,6325821954124	0,0001165670419823669
1957,1585202984606	0,00011687136472110671
1955,6838326648176	0,00011683391479334539
1954,208519219399	0,00011659140665992528
1952,732579887088	0,00011624662264142824
1951,2560145927164	0,00011603436145210468
1949,7788232610728	0,00011603924631373006
1948,3010058169093	0,0001159498991327234
1946,8225621849379	0,00011583216865605766
1945,3434922898086	0,00011620281532761313
1943,8637960561537	0,0001164058205797346
1942,3834734085394	0,00011656813342995247
1940,902524271507	0,00011649990455760303
1939,42094856955	0,00011633444890160778
1937,9387462271116	0,00011624189645262345
1936,4559171686014	0,00011662316411049667
1934,9724613183826	0,000116996785385058
1933,4883786007777	0,00011743972451985752
1932,003668940055	0,00011768204297217951
1930,5183322604644	0,00011760884863808845
1929,0323684861942	0,00011696030091431299
1927,5457775413852	0,00011684053047645913
1926,05855935016	0,00011733502854867075
1924,570713836576	0,00011742181488196636
1923,0822409246612	0,00011729835397330286
1921,593140538389	0,00011725833195239623
1920,103412601704	0,00011683700239384567
1918,6130570385067	0,00011681537452448356
1917,1220737726399	0,00011724651348278675
1915,6304627279205	0,00011788081681640366
1914,1382238281221	0,00011846050893058432
1912,6453569969672	0,00011880403825017715
1911,1518621581417	0,00011851416781184546
1909,6577392352883	0,00011833320439564516
1908,162988152013	0,0001181572157944839
1906,667608831871	0,00011850643189706182
1905,1716011983808	0,00011849396968329304
1903,6749651750142	0,00011806862773503432
1902,1777006852099	0,00011787044585185187
1900,6798076523555	0,00011829474913458462
1899,1812859998026	0,00011864725268295853
1897,6821356508553	0,00011894745407229639
1896,1823565287814	0,00011881511733589074
1894,6819485568085	0,00011904204496450654
1893,1809116581135	0,00011954713898415357
1891,6792457558404	0,00012015679189958499
1890,176950773086	0,0001204313498646968
1888,6740266329143	0,00012072557701239085
1887,1704732583312	0,00012091209658056471
1885,6662905723206	0,00012122523561319254
1884,1614784978046	0,00012080512378941243
1882,6560369576873	0,00012032587155440465
1881,1499658748107	0,00012030796912493232
1879,6432651719879	0,00012049254822307281
1878,1359347719772	0,0001205837607682463
1876,6279745975153	0,00012101696465240472
1875,119384571277	0,00012151587173547007
1873,610164615915	0,00012183418060241322
1872,100314654028	0,00012159945959492024
1870,589834608174	0,00012164942487560528
1869,0787244008752	0,00012191843205428357
1867,56698395461	0,00012211354411491532
1866,0546131918163	0,00012215748916710807
1864,5416120348928	0,00012230242894946777
1863,0279804061865	0,00012218869423218334
1861,5137182280196	0,00012243841697061407
1859,9988254226628	0,0001226068506858059
1858,4833019123544	0,00012307101300194654
1856,967147619278	0,00012325454978743465
1855,4503624655845	0,00012376011425828978
1853,932946373392	0,00012397190590437648
1852,4148992647679	0,00012426841489484284
1850,896221061732	0,00012452992491753304
1849,3769116862823	0,0001248561347291806
1847,8569710603588	0,0001247241982727431
1846,336399105876	0,0001244880527748519
1844,8151957446935	0,0001242966257924143
1843,293360898635	0,00012455418054362386
1841,7708944894948	0,00012505220881863356
1840,2477964390055	0,0001258673487531344
1838,724066668885	0,0001260036137564365
1837,1997051007856	0,00012576619533035001
1835,674711656331	0,00012556508288023643
1834,1490862571118	0,00012582829296807298
1832,6228288246639	0,0001262993502935805
1831,0959392804907	0,0001269560604048139
1829,5684175460592	0,00012725925828244806
1828,0402635427854	0,00012742623483958531
1826,5114771920526	0,00012753650841533049
1824,9820584152076	0,00012781538353144544
1823,4520071335428	0,0001275392135795284
1821,9213232683214	0,00012738060847948253
1820,3900067407703	0,0001270573550719783
1818,858057472069	0,00012715329314748228
1817,3254753833535	0,00012767732054635007
1815,792260395734	0,0001282142515500413
1814,2584124302666	0,00012838051032171803
1812,7239314079743	0,0001290859709580173
1811,1888172498366	0,00012985675725712303
1809,6530698768038	0,00013021018767519902
1808,1166892097717	0,00012973656260478696
1806,5796751695998	0,00012949013785997166
1805,042027677122	0,00012928311545907484
1803,5037466531103	0,00012957341154761905
1801,9648320183187	0,00013059816520050226
1800,425283693443	0,00013159833989955373
1798,8851015991531	0,00013134240027557213
1797,344285656076	0,00013066649918741134
1795,8028357847907	0,00013039061601874857
1794,260751905851	0,00013086827081116992
1792,71803393976	0,00013122925747165496
1791,1746818069842	0,00013185217828668566
1789,630695427957	0,0001326483706503406
1788,0860747230654	0,0001333384644826333
1786,540819612659	0,0001332511418099529
1784,994930017052	0,00013339859168884485
1783,4484058565067	0,0001333694096485279
1781,9012470512644	0,0001332994786152383
1780,353453521515	0,00013337635029484816
1778,8050251874156	0,00013389895072695937
1777,2559619690765	0,0001345739805607709
1775,706263786582	0,00013541186141062726
1774,1559305599585	0,00013540217130487782
1772,6049622092178	0,00013515201886078013
1771,0533586543097	0,00013519450386523536
1769,5011198151587	0,00013539074569325778
1767,9482456116493	0,00013564973675522603
1766,3947359636186	0,00013638012532532568
1764,8405907908782	0,0001362752941675657
1763,285810013189	0,00013537118008095285
1761,7303935502823	0,00013472229380662943
1760,1743413218428	0,00013514818557727433
1758,617653247522	0,00013602552821581138
1757,060329246935	0,00013676922774114497
1755,5023692396499	0,0001367864417770292
1753,9437731452017	0,0001366425280750375
1752,384540883093	0,0001363285056307461
1750,8246723727752	0,00013708188723472614
1749,2641675336708	0,0001381593790240926
1747,703026285155	0,00013845095858681998
1746,1412485465808	0,00013823747760908475
1744,578834237247	0,0001386737143277791
1743,0157832764198	0,00013883971429999947
1741,4520955833286	0,0001387378848875047
1739,8877710771667	0,0001389355813280878
1738,32280967708	0,0001396563286619041
1736,7572113021852	0,0001401881482693707
1735,1909758715628	0,00014078732218160468
1733,6241033042425	0,00014145017813223652
1732,0565935192317	0,0001417929328687528
1730,4884464354873	0,000141193820214815
1728,9196619719405	0,00014115901857924054
1727,350240047468	0,00014158315171887054
1725,7801805809286	0,00014241821764900326
1724,2094834911295	0,0001428855271446206
1722,6381486968385	0,00014301337170385313
1721,0661761167976	0,00014294935989535531
1719,493565669709	0,00014333720394797916
1717,9203172742236	0,00014367811646681997
1716,3464308489638	0,0001440311088003234
1714,7719063125223	0,00014415799642175387
1713,1967435834486	0,00014446690989196385
1711,6209425802408	0,00014471313517828624
1710,0445032213793	0,0001449115560101418
1708,467425425304	0,0001449315699915766
1706,8897091104081	0,00014503263238992666
1705,3113541950515	0,00014509349122733707
1703,732360597558	0,00014564812921623717
1702,152728236215	0,00014607037113749358
1700,5724570292768	0,00014626669487133952
1698,9915468949475	0,00014640668944860145
1697,4099977514052	0,00014689356092035014
1695,8278095167843	0,0001470037632894211
1694,244982109194	0,00014715046681461355
1692,661515446689	0,00014717645854970396
1691,0774094473054	0,00014746738421224403
1689,492664029025	0,00014801801340429938
1687,9072791098079	0,00014874966917066936
1686,3212546075629	0,0001488373338431538
1684,7345904401773	0,00014856964772039306
1683,1472865254873	0,0001488889485128992
1681,5593427812964	0,00015007191197608468
1679,9707591253828	0,00015067598620848344
1678,3815354754734	0,0001504910304133175
1676,7916717492699	0,00014977554347999527
1675,201167864423	0,00014937413424659916
1673,6100237385617	0,00014942632743177375
1672,0182392892712	0,0001499603769510152
1670,4258144341002	0,00015037820657159428
1668,8327490905613	0,00015074792790868932
1667,2390431761378	0,00015098901955798373
1665,6446966082585	0,00015169866162276653
1664,0497093043377	0,00015247099104473825
1662,4540811817424	0,00015264311404812982
1660,857812157803	0,00015244947518265617
1659,2609021498101	0,00015267435889545494
1657,6633510750326	0,00015296633762937168
1656,0651588506917	0,00015324614281424099
1654,4663253939652	0,00015309937291749988
1652,8668506220165	0,00015349901947714286
1651,266734451954	0,0001537825653754416
1649,6659768008612	0,00015387363192052506
1648,064577585781	0,00015395382099066016
1646,4625367237168	0,00015449423298488253
1644,8598541316424	0,0001547002463317982
1643,2565297264955	0,00015428510445430454
1641,6525634251739	0,00015411797129160634
1640,0479551445424	0,00015448189690982236
1638,4427048014331	0,00015472235498483906
1636,8368123126347	0,0001548072350278751
1635,2302775949029	0,0001545479293224914
1633,623100564968	0,00015441597360615558
1632,0152811395092	0,00015412165834465406
1630,406819235177	0,00015401535283748186
1628,7977147685924	0,0001541644808040531
1627,1879676563294	0,00015453057794564094
1625,5775778149327	0,00015414214977674167
1623,9665451609217	0,00015331242628026473
1622,3548696107573	0,0001529086176767096
1620,7425510808825	0,00015348164478780693
1619,129589487704	0,00015422337631252185
1617,5159847475843	0,0001542353493714691
1615,9017367768647	0,00015392266871245116
1614,2868454918353	0,0001543021239560494
1612,6713108087606	0,00015469065287345161
1611,0551326438763	0,0001546999038487187
1609,4383109133632	0,00015429849095837278
1607,820845533388	0,00015456577866175986
1606,202736420073	0,00015505702368009633
1604,5839834895014	0,00015507310629565946
1602,9645866577266	0,00015479929879694108
1601,3445458407768	0,00015495712209978574
1599,7238609546257	0,00015510368804654316
1598,102531915225	0,00015530314854303651
1596,4805586384937	0,0001554305282347719
1594,8579410403072	0,00015576910664466228
1593,2346790365118	0,00015584271948319292
1591,610772542921	0,00015567662800306979
1589,9862214753011	0,00015576214174895206
1588,3610257494074	0,00015599237042186598
1586,7351852809406	0,00015569600650073513
1585,1086999855725	0,00015501594641090913
1583,4815697789418	0,00015443979596629047
1581,8537945766548	0,0001544781940983941
1580,2253742942812	0,00015511387845631959
1578,5963088473545	0,00015566496377794755
1576,9665981513826	0,00015502965332867983
1575,3362421218262	0,00015437023404065413
1573,7052406741204	0,00015428101073107533
1572,073593723664	0,0001542612956951995
1570,441301185827	0,00015460117604434808
1568,8083629759312	0,000155432707774025
1567,1747790092886	0,0001558988306154763
1565,5405492011487	0,00015536589982637804
1563,9056734667429	0,00015440313549058778
1562,2701517212736	0,00015447589437944025
1560,6339838798995	0,0001550255241129741
1558,9971698577465	0,00015488003660283733
1557,3597095699115	0,000154504830997203
1555,7216029314513	0,00015429915546424835
1554,0828498574047	0,00015450440938041569
1552,4434502627519	0,00015499887689772123
1550,8034040624589	0,00015575536934436503
1549,1627111714515	0,00015615978877034993
1547,521371504623	0,00015578200148401477
1545,8793849768335	0,00015561649445293925
1544,236751502911	0,00015572253936862394
1542,5934709976427	0,0001557197855224045
1540,949543375791	0,00015563038954060374
1539,3049685520855	0,000155493838454016
1537,6597464412189	0,00015552775668973247
1536,013876957848	0,00015542760171763156
1534,3673600166003	0,0001550719308205004
1532,720195532067	0,00015505307324066066
1531,0723834188138	0,00015499010233268348
1529,4239235913738	0,000154943575313892
1527,7748159642251	0,0001550953511961057
1526,1250604518464	0,00015515482183569508
1524,4746569686577	0,0001546997001864193
1522,8236054290537	0,00015451221188975334
1521,1719057474038	0,00015439093350643393
1519,5195578380335	0,0001542651017604577
1517,866561615243	0,0001542244421165556
1516,2129169932996	0,00015478156067661348
1514,5586238864307	0,00015529886996283832
1512,9036822088383	0,00015549265819497923
1511,248091874695	0,0001552466490637659
1509,5918527981266	0,00015534147597299477
1507,9349648932402	0,00015560403645856487
1506,2774280741069	0,00015587778578776424
1504,619242254761	0,00015556520238911635
1502,9604073492046	0,00015532304001441278
1501,3009232714248	0,00015554833883085927
1499,6407899353435	0,0001558339981012039
1497,9800072548824	0,00015596248069662408
1496,318575143916	0,00015652186010557288
1494,6564935162824	0,00015684575148220502
1492,9937622857942	0,00015698842587223295
1491,3303813662387	0,0001569580922570586
1489,6663506713594	0,00015705447327119248
1488,0016701148706	0,00015740330300117718
1486,3363396104542	0,00015812317665758147
1484,6703590717698	0,0001583135801571966
1483,00372841243	0,00015857359003235887
1481,336447546033	0,00015882070666862748
1479,668516386122	0,00015891466712828167
1477,9999348462297	0,0001585826746020073
1476,3307028398522	0,000158862634632037
1474,6608202804491	0,0001595144099976843
1472,990287081444	0,0001598326252615162
1471,319103156242	0,00016005780063254945
1469,6472684182118	0,00016016136739005837
1467,9747827806823	0,000159718867884474
1466,3016461569605	0,00015961648411437284
1464,6278584603206	0,00016030516559567773
1462,953419604004	0,00016130865444140613
1461,2783295012196	0,0001619551691629667
1459,6025880651468	0,0001616197972305051
1457,9261952089291	0,00016084456861117338
1456,2491508456878	0,0001612517399807029
1454,571454888508	0,0001620681568586688
1452,893107250442	0,00016235597583550738
1451,214107844513	0,00016196346476829765
1449,534456583715	0,0001621910491871924
1447,8541533810094	0,0001636375790087159
1446,173198149325	0,00016478711060460935
1444,491590801561	0,0001642624762487356
1442,8093312505844	0,00016352504115404976
1441,1264194092364	0,00016354284343931066
1439,442855190322	0,0001637179315738282
1437,7586385066206	0,00016362001092820784
1436,0737692708717	0,00016444284997821845
1434,3882473957965	0,00016518253443628057
1432,7020727940762	0,00016549638871313116
1431,0152453783703	0,00016567305053378242
1429,3277650612945	0,00016636791599636882
1427,6396317554463	0,00016724899256229244
1425,9508453733833	0,00016804939637628786
1424,261405827645	0,00016756431818254315
1422,5713130307304	0,000167280142595213
1420,8805668951136	0,000167382780831347
1419,189167333232	0,00016746833169931934
1417,4971142574977	0,0001672576458110309
1415,8044075802936	0,00016782502264933426
1414,1110472139699	0,00016848646741031014
1412,4170330708475	0,00016903357218886077
1410,7223650632186	0,00016958086443429486
1409,027043103346	0,0001705421874869651
1407,3310671034524	0,00017103178846097946
1405,6344369757498	0,00017156562120493183
1403,937152632403	0,0001717005483861976
1402,2392139855547	0,00017214057686347776
1400,5406209473185	0,00017267753675066717
1398,8413734297792	0,00017302734564076001
1397,1414713449813	0,00017293988018116636
1395,440914604951	0,0001728702834335027
1393,7397031216897	0,00017305745281157457
1392,0378368071506	0,00017339699142734062
1390,335315573273	0,00017384245205128384
1388,6321393319631	0,00017548442290719736
1386,928307995091	0,00017686847746956543
1385,2238214745084	0,0001775117694094392
1383,5186796820308	0,00017702408552146617
1381,8128825294443	0,0001763776863689433
1380,1064299285063	0,00017653416469796252
1378,3993217909483	0,00017778950394009582
1376,6915580284694	0,00017848590930401493
1374,9831385527468	0,0001789333014296228
1373,2740632754103	0,00017922550705679136
1371,564332108086	0,0001806297359425424
1369,8539449623458	0,0001816748894746346
1368,1429017497503	0,00018167183600198457
1366,431202381831	0,00018145995634592495
1364,7188467700798	0,00018179248939232203
1363,0058348259627	0,00018204325835644437
1361,292166460924	0,00018314940689541254
1359,5778415863751	0,00018434672407890813
1357,8628601136952	0,00018473846560388416
1356,1472219542447	0,00018513821251327643
1354,4309270193407	0,00018609468673787816
1352,7139752202893	0,00018688489166071798
1350,9963664683492	0,0001877874462445227
1349,2781006747682	0,00018777705185270998
1347,559177750758	0,00018750816746319839
1345,8395976074971	0,00018764960153543753
1344,1193601561426	0,00018841315949896098
1342,3984653078223	0,00018866471159856995
1340,676912973635	0,00018936026707086766
1338,95470306465	0,0001895010704889973
1337,2318354919116	0,00018897161927302315
1335,508310166435	0,0001893738762711995
1333,7841269992023	0,0001914816087059057
1332,059285901174	0,00019321429804635017
1330,3337867832852	0,00019376196561152005
1328,6076295564308	0,00019359032106753198
1326,8808141314948	0,00019362943267496024
1325,1533404193106	0,0001930533894407238
1323,4252083307147	0,00019348327858930618
1321,6964177764858	0,0001940161018656162
1319,9669686673915	0,0001944564020048724
1318,2368609141668	0,00019489456670838563
1316,5060944275283	0,00019648613470084548
1314,7746691181492	0,0001985650919061588
1313,042584896688	0,00019978745196196237
1311,3098416737666	0,0001995781628254288
1309,5764393599857	0,00019975252727906024
1307,8423778659198	0,0002004169653868314
1306,1076571021113	0,00020073372800277268
1304,3722769790766	0,0002012219807507286
1302,6362374073105	0,00020259184954263563
1300,899538297268	0,00020346621171014073
1299,1621795593928	0,00020397135330632457
1297,4241611040852	0,00020518084708730862
1295,6854828417381	0,00020654976443353136
1293,9461446826972	0,00020679016669219197
1292,2061465372935	0,00020718658769253623
1290,4654883158255	0,00020722231452755262
1288,7241699285769	0,0002076160256795026
1286,9821912857842	0,00020828408332394333
1285,2395522976767	0,0002099356183261628
1283,4962528744363	0,00021091643910779362
1281,7522929262414	0,00021083760389020335
1280,0076723632374	0,00021010197957029272
1278,262391095519	0,00021075640037586147
1276,5164490331954	0,0002120358586722095
1274,7698460863176	0,00021296526908398683
1273,0225821649183	0,00021375773951461588
1271,2746571790085	0,00021458739763465345
1269,5260710385774	0,00021468765701111167
1267,776823653574	0,0002149150939547431
1266,0269149339256	0,0002151160032391214
1264,276344789545	0,00021610735644034458
1262,5251131302975	0,00021729346897360056
1260,7732198660487	0,00021839840491926155
1259,0206649066167	0,00021909366300682838
1257,2674481618014	0,0002193417853103738
1255,5135695413737	0,0002188036017324248
1253,7590289550863	0,00021894751877456827
1252,003826312659	0,0002199683197367294
1250,2479615237862	0,00022165713081573552
1248,4914344981444	0,00022268796926136017
1246,7342451453696	0,00022333345024068275
1244,976393375091	0,00022339973137367548
1243,21787909689	0,00022371843968952391
1241,458702220345	0,00022460023610346313
1239,6988626549937	0,0002252309612390732
1237,938360310356	0,00022543224311970353
1236,1771950959155	0,00022590022265963898
1234,4153669211482	0,00022693508828680717
1232,6528756954904	0,00022801069640312715
1230,8897213283526	0,00022765449704258164
1229,1259037291384	0,00022704906048589768
1227,3614228072001	0,00022703028547348974
1225,5962784718831	0,00022819476582726744
1223,8304706325034	0,00022945981678683868
1222,0639991983517	0,00023019022991197546
1220,2968640786894	0,00023065475105141453
1218,5290651827563	0,00023122922527770413
1216,760602419774	0,00023172339867907042
1214,9914756989238	0,00023179778950680762
1213,22168492938	0,0002319489975078591
1211,4512300202805	0,0002327326595633173
1209,6801108807376	0,00023341439004431183
1207,9083274198456	0,00023341868248038307
1206,135879546673	0,00023329153081526257
1204,3627671702598	0,00023379748172262132
1202,5889901996234	0,0002349658580545071
1200,8145485437599	0,0002357623753431175
1199,0394421116362	0,00023531289882065256
1197,2636708122009	0,0002346041083699051
1195,48723455437	0,0002352080531945552
1193,710133247041	0,00023660370481858546
1191,9323667990866	0,0002374281113401972
1190,153935119357	0,00023780440508452228
1188,374838116666	0,0002379708103291902
1186,5950756998282	0,0002377809361875869
1184,8146477776027	0,00023769709759327475
1183,0335542587563	0,00023783888132206587
1181,2517950520087	0,00023750923321460285
1179,4693700660682	0,0002380174281476783
1177,6862792096072	0,00023891595220374047
1175,9025223912868	0,0002390079753846906
1174,1180995197428	0,0002385266080775246
1172,3330105035784	0,00023848042518307848
1170,547255251382	0,00023868438554536844
1168,7608336717167	0,00023883525029737073
1166,9737456731164	0,0002396849142530629
1165,1859911641004	0,00024052292400227935
1163,3975700531591	0,000240582868961949
1161,6084822487537	0,0002408833043163755
1159,8187276593417	0,00024160693026834646
1158,0283061933333	0,00024184912311547442
1156,237217759135	0,00024142371240488727
1154,4454622651137	0,00024117568898447206
1152,6530396196285	0,00024206110646937215
1150,8599497310024	0,00024384052843658355
1149,0661925075437	0,00024469214139177824
1147,271767857539	0,0002442151135067161
1145,4766756892386	0,00024415547072268557
1143,6809159108925	0,00024427702021007796
1141,8844884307	0,000244412543150326
1140,0873931568676	0,0002452075303513812
1138,2896299975546	0,0002467046919495284
1136,4911988609092	0,00024753635318206944
1134,6920996550543	0,00024718703265555605
1132,8923322880946	0,0002467340438552217
1131,091896668102	0,00024717118324313185
1129,290792703141	0,0002479911350931174
1127,4890203012328	0,00024800374550374197
1125,6865793703982	0,00024665512657362325
1123,883469818622	0,00024553265790555005
1122,079691553874	0,0002459439323338713
1120,2752444840953	0,0002466511148960569
1118,4701285172123	0,0002464384941246387
1116,6643435611186	0,00024652618880932734
1114,8578895236933	0,00024719497106430113
1113,0507663127974	0,00024699344109594865
1111,2429738362625	0,000245817564728618
1109,4345120018988	0,00024562491888007886
1107,6253807174944	0,00024579064645744136
1105,8155798908228	0,0002465621414541162
1104,0051094296286	0,0002475480829536038
1102,1939692416381	0,00024796227334845185
1100,382159234552	0,000247487164380941
1098,5696793160496	0,0002469949407118718
1096,7565293937987	0,0002473518208913365
1094,9427093754275	0,0002486620216988898
1093,1282191685677	0,00024995716729947167
1091,3130586807965	0,0002502468875722113
1089,4972278197056	0,00024927487346983776
1087,6807264928393	0,0002488346114446346
1085,8635546077276	0,0002491163600375739
1084,0457120718856	0,0002499461612991919
1082,2271987927961	0,00025001825113872615
1080,408014677938	0,0002500166532265165
1078,58815963475	0,0002503866707430876
1076,7676335706637	0,0002508133120759793
1074,9464363930783	0,00025132947866402075
1073,1245680093816	0,00025196899245602696
1071,3020283269434	0,0002531321032606518
1069,4788172530934	0,000253755574589639
1067,6549346951651	0,000253971840500271
1065,8303805604555	0,0002539294671045825
1064,005154756247	0,0002538500907375095
1062,1792571897968	0,00025408577452631497
1060,3526877683435	0,00025493100124163984
1058,5254463991114	0,00025587642335091106
1056,6975329892957	0,0002571695938497077
1054,868947446077	0,00025787988725723456
1053,0396896766142	0,00025730498579104474
1051,2097595880405	0,0002570020557127287
1049,3791570874746	0,00025791814076906046
1047,5478820820172	0,0002585614339820626
1045,7159344787433	0,00025914079643553166
1043,8833141847135	0,00025952396753369466
1042,0500211069593	0,0002595401822511956
1040,2160551525012	0,0002590058964376397
1038,381416228338	0,0002599011560154195
1036,54610424145	0,0002617391119558452
1034,710119098785	0,00026324268520518427
1032,873460707291	0,0002638045931920556
1031,0361289738794	0,0002643989648497176
1029,1981238054505	0,0002645232324238582
1027,3594451088866	0,0002655605729273727
1025,5200927910446	0,0002660825470482383
1023,6800667587704	0,0002659857631733225
1021,8393669188736	0,00026636325205595725
1019,9979931781636	0,0002676103417378526
1018,1559454434246	0,0002685424280342689
1016,3132236214115	0,00026934487257441407
1014,4698276188719	0,0002698745926317337
1012,6257573425319	0,0002708337397973744
1010,7810126990953	0,00027179958079845466
1008,9355935952481	0,00027317232883983873
1007,0894999376578	0,0002748064616264885
1005,2427316329704	0,0002763985769338324
1003,395288587817	0,0002774315241664658
1001,5471707088109	0,0002785087973176182
999,6983779025431	0,00027907297954137846
997,8489100755796	0,00028025173420836183
995,9987671344861	0,0002818643921003708
994,1479489857884	0,00028287267046231597
992,2964555360122	0,0002829286506579237
990,4442866916506	0,0002847799741028078
988,5914423591857	0,00028673241876824143
986,7379224450815	0,00028887949993978664
984,8837268557727	0,00029029467192121303
983,0288554976978	0,00029070343204647207
981,1733082772516	0,0002899629799429954
979,3170851008326	0,0002900977309736791
977,4601858748028	0,0002910724026760364
975,6026105055207	0,0002924325219855498
973,7443588993228	0,0002930354512799389
971,8854309625203	0,00029404615086745775
970,0258266014098	0,0002957440898365566
968,1655457222805	0,00029824106555434167
966,3045882313927	0,00029940528979190985
964,4429540349847	0,00030023338810325115
962,5806430392913	0,00030077961954718383
960,7176551505218	0,00030189826363706594
958,8539902748671	0,0003025567261229227
956,9896483185003	0,00030379386857663917
955,1246291875796	0,0003049998807713336
953,2589327882488	0,0003066859356152302
951,3925590266226	0,00030777090966012366
949,5255078088157	0,0003085520327250712
947,6577790409065	0,00030900691346621013
945,7893726289767	0,00030986091449401406
943,920288479072	0,00031086509202294364
942,0505264972307	0,0003138460943577191
940,1800865894693	0,0003169358023217616
938,3089686617968	0,0003199876483587234
936,4371726201935	0,0003217757911341272
934,564698370632	0,00032323489915553853
932,6915458190597	0,00032358317390189447
930,8177148714167	0,00032328210690695804
928,9432054336175	0,0003237528130282903
927,068017411566	0,00032638207035143546
925,1921507111438	0,0003286672235876273
923,3156052382292	0,0003301940632749543
921,438380898664	0,00033122380272323674
919,5604775982865	0,0003333789592071605
917,6818952429203	0,0003347753635371118
915,8026337383635	0,00033348577215465956
913,9226929904034	0,00033298788582670737
912,0420729048165	0,00033555679495474226
910,1607733873534	0,0003375510577157871
908,278794343747	0,00033906384546696094
906,3961356797299	0,0003406212494418411
904,5127973010021	0,00034156981223303475
902,6287791132563	0,00034280570763638504
900,7440810221633	0,00034615757130717164
898,8587029333867	0,000347834696591849
896,9726447525682	0,0003466730343275263
895,085906385335	0,0003459650053497601
893,1984877372961	0,0003470841137256759
891,3103887140533	0,00034950492777657545
889,4216092211827	0,00035174265635433264
887,5321491642535	0,0003521526471903088
885,6420084488091	0,0003523402392430161
883,7511869803893	0,00035320890298781515
881,8596846645123	0,00035482590186838766
879,9675014066815	0,000356602079256529
878,074637112386	0,00035738393640035067
876,1810916870963	0,00035814701638064273
874,2868650362761	0,00036015474858790424
872,391957065367	0,00036102118287693685
870,4963676797925	0,0003610485164545192
868,6000967849759	0,00036187858729893636
866,7031442863081	0,0003618262752449256
864,8055100891797	0,0003612615411323627
862,9071940989525	0,00036193396719099027
861,0081962209879	0,00036329252378127863
859,1085163606185	0,00036414690024588433
857,2081544231769	0,0003641423800007461
855,3071103139773	0,00036546454040052904
853,4053839383014	0,0003676132868441488
851,5029752014489	0,00036845629982646853
849,5998840086759	0,00036883923847558627
847,6961102652422	0,0003683696433292557
845,791653876382	0,0003688041917811475
843,8865147473261	0,0003684400108856742
841,9806927832797	0,0003684137724220074
840,0741878894441	0,0003689598374474179
838,1669999710066	0,0003699791891308548
836,2591289331285	0,00037114642784262384
834,3505746809678	0,00037336216769465056
832,4413371196715	0,00037570759825043983
830,5314161543611	0,00037688385386769693
828,6208116901544	0,0003761585503204856
826,7095236321475	0,0003750895366695719
824,7975518854328	0,0003727062224034767
822,8848963550809	0,000370475841824439
820,9715569461514	0,00037050773699926626
819,0575335636968	0,0003725879733752503
817,1428261127476	0,00037333689190563663
815,2274344983198	0,00037262414111139563
813,3113586254221	0,0003735757638031645
811,3945983990525	0,0003757287961498354
809,4771537241904	0,0003759467126534251
807,5590245058011	0,0003746766587807309
805,6402106488385	0,0003734919476268757
803,7207120582498	0,0003737631342345855
801,8005286389562	0,0003741927407895967
799,8796602958828	0,0003748390233629882
797,9581069339292	0,00037593763207372936
796,0358684579842	0,00037592911369231153
794,112944772929	0,0003738477526452346
792,189335783627	0,00037327383658542146
790,2650413949341	0,0003745924374487566
788,340061511688	0,00037559908775678443
786,4143960387228	0,00037463088942595117
784,4880448808472	0,0003751954315091542
782,5610079428661	0,0003755983093209446
780,6332851295774	0,00037494586319295896
778,7048763457533	0,00037443960471393085
776,7757814961697	0,000374661438407094
774,8460004855733	0,0003736064230280591
772,9155332187111	0,0003729059023433755
770,9843796003152	0,0003735227161658425
769,0525395351069	0,00037565172490614315
767,1200129277895	0,00037684996075229116
765,1867996830588	0,0003768928214978847
763,2528997056106	0,0003776967782954321
761,3183129001045	0,0003790245252286261
759,3830391712108	0,00038020284540810843
757,4470784235709	0,0003821964751299173
755,5104305618333	0,00038301946854752973
753,5730954906212	0,0003823106021761273
751,6350731145503	0,00037994084735916417
749,6963633382256	0,0003782501542970512
747,7569660662375	0,000378172164594835
745,8168812031727	0,0003782154313132948
743,8761086536033	0,0003771748054694606
741,934648322087	0,0003771689560598112
739,9925001131742	0,00037809152009970755
738,0496639314042	0,0003781117199620069
736,1061396813056	0,0003767228664881343
734,1619272673925	0,0003754370440897509
732,217026594175	0,00037693611312215875
730,2714375661453	0,000380131068320257
728,3251600877957	0,0003814078432159732
726,3781940635927	0,0003828942563468501
724,4305393980067	0,0003844351582510472
722,4821959954897	0,000384058831401507
720,5331637604831	0,0003833671287520942
718,5834425974244	0,00038475218133439995
716,6330324107366	0,00038655552781409816
714,6819331048282	0,000386564371257277
712,7301445841113	0,00038557183416682353
710,7776667529724	0,0003854158883382489
708,8244995157911	0,00038570118098059787
706,8706427769503	0,00038650393558100916
704,9160964408111	0,00038796113050478746
702,9608604117202	0,000388675002281895
701,0049345940315	0,00038912172714895176
699,0483188920734	0,000389571148575685
697,0910132101744	0,00038991108906109037
695,1330174526447	0,0003885985531288923
693,1743315237982	0,0003881459384613405
691,2149553279232	0,0003913146096332256
689,254888769312	0,0003958379079911573
687,2941317522454	0,00039756728669504236
685,3326841809903	0,0003975229271574388
683,3705459598023	0,00039789151105446295
681,4077169929369	0,0004001547898549863
679,4441971846354	0,00040205323964506083
677,479986439128	0,0004049027206472225
675,5150846606375	0,00040606178917731783
673,549491753387	0,0004076592553035409
671,5832076215775	0,0004089522437847215
669,6162321694064	0,0004089941057291664
667,6485653010641	0,0004084954200519365
665,6802069207333	0,00041011420229920977
663,7111569325862	0,00041205906781685385
661,74141524078	0,00041434115466102887
659,7709817494797	0,00041717979651430514
657,7998563628244	0,00042183431798271655
655,8280389849533	0,0004261462126519341
653,8555295200058	0,00043112371806188865
651,8823278720956	0,0004355179673021465
649,9084339453402	0,0004422068711701248
647,9338476438497	0,0004477727469017222
645,9585688717198	0,0004472035947140022
643,9825975330386	0,0004425791516337685
642,0059335318947	0,0004395973659914793
640,0285767723581	0,00043709558499330166
638,0505271585025	0,0004356165999444773
636,0717845943873	0,0004346427641195554
634,092348984057	0,0004342851702812569
632,1122202315637	0,0004345199610253232
630,1313982409483	0,0004355868292252971
628,1498829162338	0,0004366671284250659
626,1676741614465	0,00043827861355887835
624,184771880602	0,00044131431654917175
622,201175977716	0,00044489639766418627
620,2168863567786	0,0004467173681173155
618,2319029217906	0,0004483519242058197
616,2462255767387	0,0004483001540120765
614,2598542256092	0,0004485054441235751
612,2727887723704	0,00045033605952046085
610,2850291209907	0,0004545466649313113
608,2965751754309	0,0004567486200115521
606,3074268396485	0,0004570676048387131
604,3175840175827	0,0004568020650543656
602,3270466131871	0,000459877231229197
600,3358145303864	0,00046388742949168377
598,3438876731161	0,00046747117159012884
596,3512659452936	0,00046900483236631826
594,3579492508361	0,0004693982410299866
592,3639374936502	0,00046857588882337053
590,3692305776458	0,0004689837513167859
588,3738284067149	0,00047224576658809394
586,377730884753	0,000475228917067438
584,3809379156446	0,00047307861620728305
582,3834494032708	0,0004710118498193332
580,3852652515016	0,0004720028805018608
578,3863853642106	0,00047338850133879875
576,3868096452607	0,00047520206913848
574,3865379985073	0,0004790674327284977
572,3855703278023	0,0004823556022914291
570,3839065369939	0,00048295099330441463
568,3815465299194	0,00048160252409918395
566,3784902104198	0,0004810623175047805
564,3747374823215	0,00048208250721712534
562,3702882494508	0,0004847486686831305
560,3651424156305	0,00048678620390548696
558,3592998846725	0,0004876218342354903
556,3527605603922	0,0004896245577166564
554,3455243465905	0,0004908880699150715
552,3375911470685	0,0004899762456384735
550,3289608656232	0,0004917401005561014
548,3196334060485	0,0004962105070417603
546,3096086721271	0,0004982117124368643
544,2988865676416	0,0004986020901660746
542,2874669963749	0,0004989355527455015
540,2753498620878	0,0004977190148210241
538,262535068563	0,0004973409265749554
536,2490225195615	0,0004995423457256763
534,2348121188406	0,0005018910939658406
532,2199037701539	0,0005033908672816547
530,2042973772623	0,0005039142544834396
528,1879928439048	0,0005048264586696035
526,1709900738351	0,0005056130833237664
524,1532889707851	0,0005060224839578671
522,1348894384973	0,000505767949531406
520,1157913806965	0,0005053483358024832
518,0959947011252	0,0005051100775632085
516,075499303497	0,0005056593758890698
514,0543050915367	0,0005059239581895562
512,0324119689649	0,0005056951009059427
510,0098198394953	0,000504071075126386
507,9865286068489	0,000503800052773046
505,9625381747137	0,0005060807072156458
503,93784844681795	0,0005091340239554267
501,9124593268498	0,0005089548803228727
499,8863707185119	0,0005077310810819654
497,8595825254997	0,0005077311027550963
495,8320946515123	0,0005089233660967034
493,80390700023054	0,0005088280850014018
491,7750194753535	0,0005078093463593246
489,7454319805547	0,00050503133263685
487,71514441952604	0,0005046633449378552
485,68415669594106	0,0005038779858242956
483,65246871348427	0,0005029174314738152
481,620080375822	0,0005016910540590106
479,5869915866351	0,0005033457927754991
477,5532022495863	0,0005031537594988696
475,5187122683492	0,000501024739541608
473,48352154659005	0,0004988436681657368
471,4476299879643	0,000499181957023098
469,4110374961456	0,0005001848059953185
467,37374397478925	0,000501188935240706
465,33574932755073	0,0005002630697900144
463,29705345808543	0,0005003365767321179
461,2576562700524	0,0004991419826204484
459,21755766711067	0,0004988440380968203
457,17675755289747	0,0004986708500219114
455,13525583107185	0,000502033103629298
453,09305240527465	0,0005047225331030354
451,0501471791613	0,0005045077550304398
449,00654005637625	0,0005011714027347758
446,9622309405604	0,0004987560456232473
444,91721973536187	0,0004980557152482924
442,87150634441423	0,0005002481333535125
440,8250906713656	0,0005006502408355902
438,7779726198569	0,000501369791527099
436,7301520935289	0,0005020632596463042
434,6816289960152	0,0005027756985017189
432,63240323095306	0,0005017978544866317
430,5824747019833	0,0005027974245032203
428,53184331274315	0,0005048030777602568
426,4805089668662	0,0005146025585412147
424,4284715679896	0,0005358159149073778
422,3757310197507	0,0005642571267750815
420,32228722577565	0,0005787524416179797
418,2681400897127	0,0005679608286984526
416,2132895151881	0,0005395441506857866
414,1577354058354	0,0005132651389797571
412,1014776652919	0,0004966006860658415
410,04451619719475	0,0004915031945166077
407,9868509051739	0,0004897610081071534
405,92848169287026	0,0004870243633953432
403,8694084639137	0,00048243272405043406
401,8096311219342	0,0004798308999620754
399,74914957058354	0,00047805323173537556
397,687963713488	0,0004781779348244223
395,62607345428114	0,00047745531137375507
393,5634786966111	0,0004762434133099912
391,5001793441079	0,0004745527372117817
389,4361753004123	0,00047329508519185464
387,37146646916517	0,00047592049629097095
385,3060527540147	0,0004858148845032169
383,2399340585871	0,000494315407822477
381,17311028653785	0,0004951158407725128
379,1055813415078	0,0004877203586203442
377,03734712714504	0,00047888527406490377
374,96840754709046	0,00047498989130724425
372,89876250499583	0,00047671154243453056
370,82841190450563	0,0004782330602178014
368,7573556492789	0,0004774903987046925
366,6855936429638	0,0004771180937783205
364,61312578921934	0,00047856558793901965
362,53995199169003	0,0004789329735509377
360,46607215404583	0,00047855378248247513
358,39148617994215	0,0004793908380638733
356,3161939730344	0,0004810967764319231
354,24019543699615	0,0004827538776011348
352,16349047548647	0,00048291899721521935
350,08607899217895	0,0004806758036204854
348,0079608907399	0,0004796625958623137
345,929136074843	0,00048290919954286217
343,8496044481617	0,0004860261297423865
341,769365914377	0,00048378505313499486
339,6884203771624	0,00048138770402246316
337,6067677402061	0,0004833015732169802
335,524407907189	0,0004861751438187667
333,4413407818065	0,0004885606333177953
331,35756626774673	0,0004907595852009852
329,27308426869786	0,0004933037491861172
327,1878946883626	0,0004948134860285861
325,1019974304363	0,00049460250852289
323,0153923986254	0,0004923690377016504
320,9280794966362	0,0004910980344169806
318,84005862817867	0,0004908023602817691
316,7513296969628	0,0004926474132067777
314,6618926067058	0,0004969410304305741
312,57174726113226	0,0005015135356083518
310,4808935639594	0,0005027377228769167
308,3893314189154	0,0005046143660205286
306,2970607297393	0,0005071044399859974
304,2040814001557	0,000506534102845878
302,11039333390727	0,0005049164949693707
300,0159964347331	0,0005090511946909992
297,9208906063868	0,0005155568592438795
295,8250757526148	0,000521812266663117
293,7285517771779	0,000524302930356905
291,63131858382985	0,0005223816665080636
289,5333760763315	0,000520822860808783
287,4347241584546	0,0005225693000871693
285,3353627339784	0,0005253574632732867
283,23529170666734	0,0005309714722193553
281,1345109803151	0,0005345105607900237
279,0330204587044	0,0005363425878228315
276,93082004562166	0,000536409432233903
274,82790964486776	0,0005370006913463903
272,72428916024364	0,0005418212372013086
270,6199584955575	0,000547465243523149
268,51491755461757	0,0005506776998215706
266,40916624124657	0,0005521895243098329
264,30270445925635	0,0005550122409789094
262,1955321124842	0,0005612368468479914
260,08764910475657	0,0005669866404436061
257,979055339918	0,0005700002101416815
255,86975072180576	0,000571748068268861
253,75973515427177	0,0005739175661780512
251,64900854117514	0,0005770488906128347
249,537570786375	0,0005824487949256784
247,42542179373413	0,0005861685975097814
245,31256146712985	0,0005904599416196825
243,19898971044313	0,0005937677911764651
241,08470642755856	0,0006015825958814367
238,96971152236074	0,000611576516055405
236,85400489875246	0,0006161221109640472
234,7375864606438	0,0006186044715788974
232,62045611193753	0,0006238041701381179
230,502613756551	0,0006296729310279734
228,38405929841247	0,0006354760248339608
226,26479264145382	0,0006398478207757737
224,1448136895997	0,0006476378782510057
222,02412234681105	0,0006581657053907479
219,9027185170271	0,0006673082365769255
217,78060210421245	0,0006724692160707943
215,65777301232447	0,0006784864577385049
213,53423114534598	0,0006835399913594375
211,4099764072489	0,0006848445622250723
209,2850087020197	0,0006868274007503983
207,15932793365937	0,0006945168660130838
205,03293400616167	0,0007021021721916658
202,90582682354216	0,0007067532248893253
200,7780062898164	0,0007111597027719747
198,6494723090036	0,0007210153069738102
196,52022478514482	0,0007327180038046685
194,39026362227378	0,0007425879482233481
192,2595887244388	0,0007489224246209584
190,1281999956991	0,0007498834221030722
187,9960973401212	0,0007532658207193022
185,86328066177157	0,0007612683454134885
183,7297498647349	0,0007717466850355195
181,5955048531032	0,0007802653544700492
179,46054553096474	0,0007832406874414271
177,32487180243334	0,0007860952315604602
175,18848357162642	0,0007921769667085283
173,05138074265778	0,0007956525583306229
170,91356321967032	0,0007989756935083814
168,77503090679602	0,0008054177474211496
166,63578370818868	0,0008136635387083545
164,4958215280094	0,0008151284909255061
162,3551442704229	0,000815417890069775
160,21375183960845	0,0008160939324076844
158,07164413975624	0,0008169345678306212
155,9288210750492	0,0008178585523969665
153,78528254971025	0,0008203143101540064
151,64102846793685	0,0008207702665255638
149,4960587339665	0,0008242849625282796
147,35037325202575	0,0008300864830676747
145,203971926363	0,000837940643753907
143,05685466123032	0,0008400984870530041
140,90902136088698	0,0008372821734254437
138,76047192961414	0,0008366029861670938
136,61120627168566	0,0008457290045648671
134,4612242914045	0,000854050712179107
132,31052589307	0,0008590806693373131
130,1591109809924	0,0008600369434672594
128,00697945950742	0,0008605476884455342
125,8541312329362	0,0008550972784479047
