2517,1980614073927	6,685280847596569E-05
2515,9777570277147	6,690495318110561E-05
2514,756853964558	6,682565373643384E-05
2513,535352163457	6,702048879567404E-05
2512,3132515698944	6,701820993320484E-05
2511,09055212929	6,67407989021256E-05
2509,8672537870134	6,663125507804348E-05
2508,6433564883737	6,701182597080525E-05
2507,418860178632	6,705794778446294E-05
2506,1937648029816	6,667135683801949E-05
2504,9680703065733	6,63247315013748E-05
2503,741776634488	6,651456945258497E-05
2502,5148837317665	6,704665541833719E-05
2501,287391543381	6,74306471595128E-05
2500,059300014258	6,755823306157432E-05
2498,830609089262	6,799636911749704E-05
2497,601318713201	6,830252354168571E-05
2496,371428830831	6,850688749468204E-05
2495,1409393868544	6,819073608341918E-05
2493,909850325912	6,798243345242298E-05
2492,6781615925975	6,801671322158977E-05
2491,445873131437	6,827348697294877E-05
2490,2129848869135	6,790577351509548E-05
2488,9794968034475	6,777193906019641E-05
2487,745408825411	6,805069255902063E-05
2486,5107208971094	6,825217820630567E-05
2485,275432962804	6,794627255741234E-05
2484,039544966692	6,806303440536675E-05
2482,8030568529266	6,833039875549422E-05
2481,565968565592	6,860364570051761E-05
2480,328280048727	6,86315979904426E-05
2479,0899912463174	6,891158114905266E-05
2477,8511021022787	6,91496571314115E-05
2476,6116125604913	6,935482095531774E-05
2475,3715225647666	6,96797508283799E-05
2474,1308320588614	6,99997902453939E-05
2472,889540986491	6,953974870321467E-05
2471,6476492913007	6,887895502730694E-05
2470,4051569168823	6,841313118110447E-05
2469,162063806785	6,852238424005513E-05
2467,9183699044934	6,897168315384633E-05
2466,6740751534344	6,951480849322689E-05
2465,4291794969886	6,984991480188087E-05
2464,1836828784762	7,026575740522249E-05
2462,937585241163	7,019647570880617E-05
2461,6908865282658	6,993415799242402E-05
2460,443586682941	6,927525083433383E-05
2459,1956856482866	6,887500189157231E-05
2457,947183367356	6,912066054570767E-05
2456,698079783142	6,975243093453237E-05
2455,4483748385865	7,000986122991881E-05
2454,1980684765695	6,99260936992792E-05
2452,947160639922	6,96987192950363E-05
2451,695651271426	6,966036847081971E-05
2450,443540313794	6,985879536876007E-05
2449,190827709699	7,012551563443493E-05
2447,937513401752	7,007271452157354E-05
2446,6835973325124	6,987512774385161E-05
2445,4290794444805	6,985581691345916E-05
2444,173959680111	7,01660118369278E-05
2442,9182379817958	7,030514957055634E-05
2441,661914291877	7,023974571579122E-05
2440,404988552642	7,0143519903622E-05
2439,147460706321	7,00505415152705E-05
2437,8893306950977	7,009170938379046E-05
2436,6305984610954	7,064944085080536E-05
2435,3712639463774	7,095134023078535E-05
2434,111327092969	7,069249094529498E-05
2432,85078784283	7,057701190169144E-05
2431,589646137865	7,086479310425408E-05
2430,3279019199326	7,113086827386506E-05
2429,065555130832	7,166479916487235E-05
2427,802605712306	7,221050873699894E-05
2426,539053606055	7,229524324515168E-05
2425,2748987537125	7,202080611317112E-05
2424,010141096862	7,177411066033271E-05
2422,744780577039	7,133852520116878E-05
2421,4788171357213	7,131970242505986E-05
2420,212250714325	7,181335180894683E-05
2418,945081254231	7,226953998531363E-05
2417,677308696748	7,211514685713027E-05
2416,4089329831368	7,165083524541159E-05
2415,1399540546136	7,12582113591464E-05
2413,8703718523284	7,120380675794158E-05
2412,600186317386	7,156990761719435E-05
2411,329397390831	7,18737403885469E-05
2410,058005013667	7,161569540847937E-05
2408,786009126825	7,142967325814071E-05
2407,513409671197	7,175770282529714E-05
2406,240206587616	7,207989139880315E-05
2404,966399816869	7,218590797573534E-05
2403,6919892996775	7,277911765235069E-05
2402,416974976717	7,330073795424996E-05
2401,141356788612	7,310776702653437E-05
2399,865134675925	7,233350489535132E-05
2398,5883085791756	7,208686526212681E-05
2397,310878438824	7,2690915679095E-05
2396,032844195277	7,336715099222238E-05
2394,7542057888895	7,33503678996396E-05
2393,4749631599625	7,315492590509654E-05
2392,1951162487494	7,293941520289126E-05
2390,9146649954455	7,272090078649934E-05
2389,6336093401915	7,272561692359045E-05
2388,3519492230735	7,320712404315333E-05
2387,069684584134	7,334076615689193E-05
2385,786815363357	7,311699090383777E-05
2384,5033415006656	7,321361975528942E-05
2383,219262935949	7,370928799921314E-05
2381,9345796090274	7,383102533566047E-05
2380,6492914596747	7,381562628346591E-05
2379,3633984276057	7,388239860440863E-05
2378,076900452492	7,387990853522226E-05
2376,78979747395	7,368672709797485E-05
2375,502089431535	7,361521921054351E-05
2374,2137762647617	7,347042408783398E-05
2372,9248579130763	7,349028072357281E-05
2371,6353343158953	7,381388274797452E-05
2370,345205412563	7,395419147655858E-05
2369,0544711423754	7,360682389248385E-05
2367,7631314445825	7,337512268226877E-05
2366,4711862583754	7,377238599739823E-05
2365,178635522898	7,407978102726511E-05
2363,8854791772355	7,389232226294283E-05
2362,5917171604233	7,372835189485956E-05
2361,297349411456	7,397820843768016E-05
2360,0023758692478	7,425231425434274E-05
2358,7067964726884	7,398654985964575E-05
2357,4106111606015	7,395989158198816E-05
2356,1138198717636	7,458474638456822E-05
2354,8164225448927	7,531941545324533E-05
2353,518419118667	7,511362122267796E-05
2352,2198095316962	7,434883675883533E-05
2350,920593722549	7,410405394057153E-05
2349,6207716297395	7,46924611909117E-05
2348,320343191732	7,551967336719784E-05
2347,019308346931	7,613903309255694E-05
2345,717667033692	7,602412688005849E-05
2344,415419190329	7,558548192773578E-05
2343,1125647550907	7,551256970840875E-05
2341,809103666179	7,558933642366223E-05
2340,505035861741	7,524033305735965E-05
2339,20036127988	7,483882405718744E-05
2337,895079858641	7,503140837628535E-05
2336,5891915360153	7,541249281934344E-05
2335,282696249942	7,551276874583694E-05
2333,9755939383213	7,52968073623128E-05
2332,6678845389906	7,540477523552539E-05
2331,359567989726	7,600467003701421E-05
2330,050644228275	7,666259755053948E-05
2328,741113192318	7,696630486992582E-05
2327,430974819483	7,644339828873226E-05
2326,1202290473593	7,595765080447192E-05
2324,8088758134727	7,643307992470319E-05
2323,4969150552934	7,687430114642325E-05
2322,184346710259	7,650769140269671E-05
2320,8711707157418	7,624669653373092E-05
2319,5573870090557	7,667701260554718E-05
2318,2429955274856	7,724645939118511E-05
2316,9279962082437	7,733312222579352E-05
2315,612388988502	7,712363528946998E-05
2314,296173805382	7,687553604905655E-05
2312,979350595946	7,684406023710698E-05
2311,6619192972103	7,725962186475395E-05
2310,3438798461357	7,74461991597161E-05
2309,0252321796434	7,740450396627403E-05
2307,705976234589	7,750971453899853E-05
2306,386111947788	7,742880000889196E-05
2305,0656392559977	7,747534932204164E-05
2303,7445580959284	7,778642102970058E-05
2302,422868404232	7,7938026582056E-05
2301,10057011752	7,784038017364768E-05
2299,77766317235	7,806152245071825E-05
2298,454147505221	7,855675870609507E-05
2297,130023052592	7,888946218352883E-05
2295,805289750868	7,864688453143514E-05
2294,4799475363907	7,846123728456157E-05
2293,1539963454707	7,854202028707442E-05
2291,827436114356	7,852496346667842E-05
2290,500266779247	7,864351369816284E-05
2289,17248827629	7,892203080710783E-05
2287,844100541588	7,900285669382927E-05
2286,515103511181	7,884871506339382E-05
2285,185497121078	7,869929814071687E-05
2283,855281307213	7,886486482327435E-05
2282,524456005489	7,930940367405972E-05
2281,193021151754	7,93358546769705E-05
2279,8609766817935	7,926439004838089E-05
2278,528322531358	7,939678138905196E-05
2277,195058636138	7,940394143732825E-05
2275,861184931782	7,956513795180582E-05
2274,5267013538796	7,976359455857729E-05
2273,1916078379763	8,011289138595289E-05
2271,8559043195564	8,054717354770042E-05
2270,519590734075	8,077180932587001E-05
2269,1826670169103	8,095348374758071E-05
2267,845133103412	8,096368370220641E-05
2266,5069889288716	8,084196436963549E-05
2265,1682344285255	8,085060309098252E-05
2263,828869537567	8,07009105936632E-05
2262,4888941911413	8,010236068727866E-05
2261,1483083243293	8,000004542154473E-05
2259,807111872182	8,069630597669102E-05
2258,4653047696847	8,114298630903874E-05
2257,1228869517763	8,073373740153445E-05
2255,7798583533513	8,038341662754307E-05
2254,43621890925	8,077013851281714E-05
2253,091968554265	8,169891000852007E-05
2251,747107223131	8,197786501378294E-05
2250,4016348505465	8,172809080490929E-05
2249,055551371148	8,17689220425844E-05
2247,708856719528	8,224666462488799E-05
2246,361550830228	8,27871321369932E-05
2245,01363363774	8,299512169244811E-05
2243,6651050765104	8,278561714900105E-05
2242,3159650809284	8,241925499050286E-05
2240,966213585336	8,229860127067606E-05
2239,6158505240273	8,272106654232495E-05
2238,264875831246	8,324213006192502E-05
2236,9132894411923	8,344428530297304E-05
2235,561091288	8,342442106263675E-05
2234,208281305775	8,335208439354487E-05
2232,854859428553	8,347750641568036E-05
2231,500825590345	8,368521290150668E-05
2230,146179725085	8,372171351210654E-05
2228,790921766671	8,382092188913577E-05
2227,4350516489612	8,396717187273576E-05
2226,078569305744	8,392906036426461E-05
2224,7214746707796	8,39844636286286E-05
2223,3637676777616	8,449255963961987E-05
2222,0054482603446	8,485839019058502E-05
2220,6465163521243	8,511404391994107E-05
2219,286971886664	8,526276426338006E-05
2217,926814797458	8,537258545039294E-05
2216,566045017971	8,566170997196843E-05
2215,204662481603	8,585657904252304E-05
2213,8426671217094	8,562791207976538E-05
2212,480058871599	8,514894160319841E-05
2211,1168376645364	8,486539319846036E-05
2209,753003433725	8,536903354401212E-05
2208,3885561123316	8,584736184795135E-05
2207,0234956334607	8,586763281780759E-05
2205,657821930181	8,558837961383446E-05
2204,291534935506	8,551930279483462E-05
2202,924634582403	8,57826429407634E-05
2201,5571208037836	8,595675387380622E-05
2200,1889935325235	8,588163091732114E-05
2198,8202527014437	8,601114552634263E-05
2197,4508982433035	8,622880968493074E-05
2196,080930090837	8,628881358006569E-05
2194,7103481767117	8,667754674342766E-05
2193,3391524335566	8,726979322702655E-05
2191,967342793945	8,744898280034354E-05
2190,5949191904074	8,721399516030185E-05
2189,221881555426	8,669451128043506E-05
2187,8482298214294	8,634837452959907E-05
2186,4739639207946	8,65892636997824E-05
2185,0990837858662	8,695456113431429E-05
2183,723589348927	8,702940928446883E-05
2182,3474805422156	8,747001314402481E-05
2180,9707572979205	8,81962919450651E-05
2179,5934195481823	8,862941388836336E-05
2178,2154672250945	8,838943470196622E-05
2176,8369002607033	8,814534696555473E-05
2175,4577185870075	8,826892975434466E-05
2174,0779221359553	8,854763153637423E-05
2172,69751083944	8,876989324881132E-05
2171,3164846293257	8,876433064006483E-05
2169,934843437408	8,839048783798805E-05
2168,5525871954487	8,81710623450368E-05
2167,1697158351562	8,822956274085555E-05
2165,786229288191	8,856195491288915E-05
2164,4021274861625	8,894669196546888E-05
2163,017410360637	8,926236179000881E-05
2161,63207784314	8,900784574407937E-05
2160,2461298651288	8,860531876954307E-05
2158,859566358031	8,849219017504939E-05
2157,472387253216	8,865880685074938E-05
2156,084592482017	8,912843758696036E-05
2154,696181975709	8,977729007711655E-05
2153,307155665523	9,016344252753852E-05
2151,91751348264	9,016218281799221E-05
2150,5272553582	8,964963801758411E-05
2149,1363812232885	8,948761214380653E-05
2147,744891008948	8,987850783378617E-05
2146,3527846461657	9,018230614219772E-05
2144,960062065893	8,99949407536882E-05
2143,5667231990265	8,98075072644375E-05
2142,1727679764153	8,960099873686899E-05
2140,7781963288653	8,958318905769323E-05
2139,3830081871347	8,978497152957004E-05
2137,9872034819273	9,016315252116789E-05
2136,590782143903	9,051559996946751E-05
2135,1937441036825	9,046679899656792E-05
2133,7960892918345	9,009734913526194E-05
2132,3978176388664	8,994694129803698E-05
2130,9989290752637	8,995349757537807E-05
2129,5994235314465	9,001443407619436E-05
2128,1993009377948	9,023103381447014E-05
2126,7985612246375	9,027810619509013E-05
2125,397204322264	9,005193255727494E-05
2123,9952301609046	8,990729557219819E-05
2122,592638670758	8,981869454069072E-05
2121,1894297819636	8,998562572365601E-05
2119,785603424618	9,018996491668502E-05
2118,3811595287734	9,032234968632527E-05
2116,976098024428	9,027915268205199E-05
2115,570418841544	9,011343281894965E-05
2114,164121910024	9,038268991673975E-05
2112,7572071597424	9,125111762157719E-05
2111,349674520501	9,198162515255799E-05
2109,94152392208	9,189484210169308E-05
2108,5327552941962	9,156097845454902E-05
2107,1233685665284	9,15348678534428E-05
2105,7133636687067	9,147786361116119E-05
2104,302740530311	9,117969130715882E-05
2102,8914990808844	9,095725649240101E-05
2101,4796392499084	9,095343013943088E-05
2100,067160966835	9,080022465620862E-05
2098,654064161052	9,055049822689948E-05
2097,2403487619194	9,031432958625529E-05
2095,8260146987377	9,037086184918279E-05
2094,411061900766	9,057305072283557E-05
2092,9954902972167	9,065450298738815E-05
2091,579299817251	9,081272623146892E-05
2090,1624903899938	9,099246367153641E-05
2088,745061944519	9,109052390564178E-05
2087,3270144098497	9,122326073953385E-05
2085,908347714969	9,142704624195686E-05
2084,489061788805	9,134727276228436E-05
2083,069156560261	9,122615765984915E-05
2081,6486319581672	9,11997921506515E-05
2080,2274879113247	9,113072313993098E-05
2078,805724348491	9,112308108089197E-05
2077,383341198358	9,104568543929719E-05
2075,9603383895956	9,085160886867033E-05
2074,536715850809	9,055566930326182E-05
2073,112473510573	9,051847030786232E-05
2071,687611297406	9,089307397074802E-05
2070,262129139781	9,118980743702039E-05
2068,8360269661316	9,103758247465475E-05
2067,409304704841	9,102540795935024E-05
2065,981962284248	9,104125526321242E-05
2064,553999632648	9,075750370763882E-05
2063,1254166782855	9,061176140341685E-05
2061,696213349358	9,088090930618632E-05
2060,2663895740334	9,09518694031258E-05
2058,835945280418	9,079611232834726E-05
2057,404880396567	9,074228396553527E-05
2055,9731948505178	9,090990402601558E-05
2054,540888570231	9,09979716552075E-05
2053,1079614836417	9,109959443331911E-05
2051,674413518631	9,12936361854064E-05
2050,240244603039	9,164175643026346E-05
2048,8054546646636	9,144875008144312E-05
2047,3700436312429	9,084355206295119E-05
2045,9340114304869	9,031184414091531E-05
2044,4973579900507	9,037636771397482E-05
2043,0600832375494	9,074560712925456E-05
2041,6221871005473	9,076979399066395E-05
2040,1836695065685	9,050613972295081E-05
2038,7445303830864	9,041120580392434E-05
2037,3047696575377	9,065621588813961E-05
2035,8643872573048	9,062426349508093E-05
2034,4233831097372	9,05576186402229E-05
2032,98175714213	9,06920536164321E-05
2031,5395092817307	9,083672666705813E-05
2030,0966394557508	9,074585650361978E-05
2028,6531475913507	9,078177269378764E-05
2027,2090336156507	9,085382950642433E-05
2025,7642974557202	9,073373444922571E-05
2024,3189390385996	9,065933383375408E-05
2022,8729582912565	9,075398501745638E-05
2021,4263551406402	9,081147310540789E-05
2019,979129513642	9,047734370104932E-05
2018,531281337113	9,038036523281446E-05
2017,0828105378532	9,063197149209264E-05
2015,633717042634	9,099854974042763E-05
2014,1840007781611	9,119557125042437E-05
2012,7336616711145	9,09441590349642E-05
2011,2826996481162	9,033579854461998E-05
2009,8311146357555	8,961690311627391E-05
2008,3789065605633	8,901452602311874E-05
2006,9260753490416	8,919847934509597E-05
2005,4726209276341	8,967457424250813E-05
2004,0185432227518	9,003287797982736E-05
2002,563842160751	9,014254341339954E-05
2001,1085176679553	9,017441739251463E-05
1999,6525696706303	9,032793892290109E-05
1998,195998095016	9,032079505869914E-05
1996,7388028672867	8,975406803387097E-05
1995,280983913588	8,983375638266246E-05
1993,8225411600179	9,05183684924456E-05
1992,3634745326272	9,071742087878536E-05
1990,9037839574303	9,056762289407267E-05
1989,4434693603835	9,042147720266208E-05
1987,9825306674138	9,001576752190065E-05
1986,5209678043975	8,992275635374802E-05
1985,0587806971707	9,013450565885687E-05
1983,595969271515	9,039126023833863E-05
1982,1325334531866	9,051219199269894E-05
1980,6684731678797	9,05820845867751E-05
1979,2037883412595	9,03954429994377E-05
1977,7384788989366	9,009721539117122E-05
1976,2725447664816	8,978188059511949E-05
1974,805985869425	8,978376546191319E-05
1973,3388021332503	8,980628343972678E-05
1971,870993483397	9,002627367836909E-05
1970,4025598452645	9,045459266552431E-05
1968,9335011442017	9,062452893578873E-05
1967,463817305521	9,043623965989566E-05
1965,993508254498	9,057547477279971E-05
1964,5225739163398	9,047345035947877E-05
1963,0510142162384	9,02184975574947E-05
1961,5788290793316	9,024956088151667E-05
1960,1060184307025	9,03840389494559E-05
1958,6325821954124	9,040238477228124E-05
1957,1585202984606	9,036725264072762E-05
1955,6838326648176	9,01899330753003E-05
1954,208519219399	9,031209641372101E-05
1952,732579887088	9,06358860378649E-05
1951,2560145927164	9,099312427047477E-05
1949,7788232610728	9,102474633892285E-05
1948,3010058169093	9,103354203734404E-05
1946,8225621849379	9,089832105574155E-05
1945,3434922898086	9,107998645404048E-05
1943,8637960561537	9,145533087448392E-05
1942,3834734085394	9,16512896431947E-05
1940,902524271507	9,135825079771993E-05
1939,42094856955	9,122520060836834E-05
1937,9387462271116	9,099053773311756E-05
1936,4559171686014	9,065884486045139E-05
1934,9724613183826	9,063257927803064E-05
1933,4883786007777	9,072016552780801E-05
1932,003668940055	9,088202224184644E-05
1930,5183322604644	9,12795605001551E-05
1929,0323684861942	9,14531071608792E-05
1927,5457775413852	9,15275041922756E-05
1926,05855935016	9,156292283873983E-05
1924,570713836576	9,184474991782078E-05
1923,0822409246612	9,213864208904905E-05
1921,593140538389	9,248107242876636E-05
1920,103412601704	9,259198298474019E-05
1918,6130570385067	9,251285964156568E-05
1917,1220737726399	9,244072653695982E-05
1915,6304627279205	9,283469761368658E-05
1914,1382238281221	9,30344916933806E-05
1912,6453569969672	9,27842942193269E-05
1911,1518621581417	9,246210804714615E-05
1909,6577392352883	9,254444498580191E-05
1908,162988152013	9,312407803415134E-05
1906,667608831871	9,362186281466758E-05
1905,1716011983808	9,344692665595477E-05
1903,6749651750142	9,323408969977592E-05
1902,1777006852099	9,314260413793148E-05
1900,6798076523555	9,30115791252859E-05
1899,1812859998026	9,282753156113453E-05
1897,6821356508553	9,310169493723597E-05
1896,1823565287814	9,356034025985814E-05
1894,6819485568085	9,413088078615807E-05
1893,1809116581135	9,434027215930006E-05
1891,6792457558404	9,432331409453677E-05
1890,176950773086	9,398902038577072E-05
1888,6740266329143	9,396021614979521E-05
1887,1704732583312	9,389130904388357E-05
1885,6662905723206	9,400837012968989E-05
1884,1614784978046	9,394566207787039E-05
1882,6560369576873	9,41557508044774E-05
1881,1499658748107	9,465948620214966E-05
1879,6432651719879	9,527214056828778E-05
1878,1359347719772	9,532089315786649E-05
1876,6279745975153	9,506936958097323E-05
1875,119384571277	9,493766257028682E-05
1873,610164615915	9,545803999553817E-05
1872,100314654028	9,61030781603403E-05
1870,589834608174	9,619552537147936E-05
1869,0787244008752	9,580887581601421E-05
1867,56698395461	9,59590058450625E-05
1866,0546131918163	9,64315166307154E-05
1864,5416120348928	9,692240302924192E-05
1863,0279804061865	9,685942966455E-05
1861,5137182280196	9,673526999016301E-05
1859,9988254226628	9,639561160184579E-05
1858,4833019123544	9,629547879438474E-05
1856,967147619278	9,639176655133535E-05
1855,4503624655845	9,669385472893187E-05
1853,932946373392	9,693734162160492E-05
1852,4148992647679	9,749852202284315E-05
1850,896221061732	9,821767915744479E-05
1849,3769116862823	9,856938770843527E-05
1847,8569710603588	9,852626182713396E-05
1846,336399105876	9,884092019324254E-05
1844,8151957446935	9,90485221345714E-05
1843,293360898635	9,891505983745144E-05
1841,7708944894948	9,855987210800806E-05
1840,2477964390055	9,886181243157452E-05
1838,724066668885	9,935439953269459E-05
1837,1997051007856	9,943926402912625E-05
1835,674711656331	9,96547147754788E-05
1834,1490862571118	0,00010038103821582533
1832,6228288246639	0,00010062627616940181
1831,0959392804907	0,00010060542846564448
1829,5684175460592	0,00010082461105204407
1828,0402635427854	0,00010152438028836194
1826,5114771920526	0,0001016971984502834
1824,9820584152076	0,00010110460417610419
1823,4520071335428	0,00010047717214518638
1821,9213232683214	0,0001005689258062801
1820,3900067407703	0,00010073169993306133
1818,858057472069	0,00010089925787565084
1817,3254753833535	0,00010115982067441674
1815,792260395734	0,00010146953283873112
1814,2584124302666	0,00010153634635528157
1812,7239314079743	0,00010221556093717882
1811,1888172498366	0,00010304206445096398
1809,6530698768038	0,0001035719544153812
1808,1166892097717	0,00010389438734553036
1806,5796751695998	0,00010403842401146812
1805,042027677122	0,00010344849965553586
1803,5037466531103	0,00010306180637555913
1801,9648320183187	0,00010326952899095478
1800,425283693443	0,00010381333305757686
1798,8851015991531	0,0001043021611558849
1797,344285656076	0,00010457446886710087
1795,8028357847907	0,0001046047703344568
1794,260751905851	0,00010481922753122276
1792,71803393976	0,00010489438777386215
1791,1746818069842	0,00010511520974833402
1789,630695427957	0,00010522813516332409
1788,0860747230654	0,00010562062949424127
1786,540819612659	0,00010600188751792652
1784,994930017052	0,00010620254904430809
1783,4484058565067	0,00010660997065518357
1781,9012470512644	0,00010680123788595785
1780,353453521515	0,00010669846102911256
1778,8050251874156	0,00010744467956724366
1777,2559619690765	0,00010808455802544861
1775,706263786582	0,00010803920358597697
1774,1559305599585	0,00010763226701009501
1772,6049622092178	0,0001078768239024866
1771,0533586543097	0,00010855475060889449
1769,5011198151587	0,00010974718769010255
1767,9482456116493	0,00011038815462704642
1766,3947359636186	0,00011020925009596537
1764,8405907908782	0,00010981344613044109
1763,285810013189	0,00011009178708201018
1761,7303935502823	0,00010996837686533088
1760,1743413218428	0,00010987760666747489
1758,617653247522	0,00011015184454893229
1757,060329246935	0,00011024679624019975
1755,5023692396499	0,000109921099444976
1753,9437731452017	0,00011003496377270269
1752,384540883093	0,00011025901442221874
1750,8246723727752	0,00011091086082562323
1749,2641675336708	0,00011165236253027501
1747,703026285155	0,0001122439238274757
1746,1412485465808	0,00011232526717522637
1744,578834237247	0,00011238239122233794
1743,0157832764198	0,00011259562906131609
1741,4520955833286	0,00011316947375033322
1739,8877710771667	0,0001137035995967261
1738,32280967708	0,00011397663532514942
1736,7572113021852	0,00011385625880203868
1735,1909758715628	0,00011365903440293111
1733,6241033042425	0,00011364184925754166
1732,0565935192317	0,00011419821739025638
1730,4884464354873	0,00011477464417876715
1728,9196619719405	0,00011521135160175935
1727,350240047468	0,00011564662803624306
1725,7801805809286	0,00011597220281075873
1724,2094834911295	0,0001159477927923445
1722,6381486968385	0,0001159860815680064
1721,0661761167976	0,00011571008438653368
1719,493565669709	0,00011555516045143386
1717,9203172742236	0,00011620582698894228
1716,3464308489638	0,00011751420993642751
1714,7719063125223	0,00011783329492321483
1713,1967435834486	0,00011729016146274138
1711,6209425802408	0,0001169449778375818
1710,0445032213793	0,00011740302211125903
1708,467425425304	0,00011776453868373052
1706,8897091104081	0,00011828681816059377
1705,3113541950515	0,00011909231867350489
1703,732360597558	0,00011965149422661552
1702,152728236215	0,00011958623803632843
1700,5724570292768	0,00011961055907726064
1698,9915468949475	0,00011971166441052237
1697,4099977514052	0,00011992874784537111
1695,8278095167843	0,00011980330266683038
1694,244982109194	0,00012018199871701124
1692,661515446689	0,00012074595793007174
1691,0774094473054	0,00012126704539972115
1689,492664029025	0,00012161676681460499
1687,9072791098079	0,00012208335313678757
1686,3212546075629	0,00012213441068660157
1684,7345904401773	0,00012146496073928727
1683,1472865254873	0,00012078793942146528
1681,5593427812964	0,00012095496701693927
1679,9707591253828	0,00012142405923072983
1678,3815354754734	0,00012183598581625118
1676,7916717492699	0,00012228082098826858
1675,201167864423	0,00012262825829020935
1673,6100237385617	0,00012283947168321803
1672,0182392892712	0,0001232037177186788
1670,4258144341002	0,00012361812108706063
1668,8327490905613	0,0001238967248898544
1667,2390431761378	0,0001234694226907635
1665,6446966082585	0,00012300511953758134
1664,0497093043377	0,00012356675981057302
1662,4540811817424	0,00012496357219184663
1660,857812157803	0,0001251639726016165
1659,2609021498101	0,00012454590982868255
1657,6633510750326	0,0001245295369084517
1656,0651588506917	0,00012525670829099798
1654,4663253939652	0,00012575983399289235
1652,8668506220165	0,00012591449723331615
1651,266734451954	0,00012577957184940316
1649,6659768008612	0,00012556200252133578
1648,064577585781	0,000125357912010998
1646,4625367237168	0,00012607330702620569
1644,8598541316424	0,00012697279711439905
1643,2565297264955	0,0001271987438323609
1641,6525634251739	0,0001269750600596283
1640,0479551445424	0,00012699824353082316
1638,4427048014331	0,00012690596099718048
1636,8368123126347	0,0001267740137313906
1635,2302775949029	0,00012680508144807275
1633,623100564968	0,00012641953848489053
1632,0152811395092	0,0001260285305283923
1630,406819235177	0,00012604737786073712
1628,7977147685924	0,0001260313046344383
1627,1879676563294	0,00012575160356837302
1625,5775778149327	0,00012509762731230346
1623,9665451609217	0,00012464900073030138
1622,3548696107573	0,0001244493688881933
1620,7425510808825	0,00012453950145091522
1619,129589487704	0,0001250739709647282
1617,5159847475843	0,0001256303395420984
1615,9017367768647	0,00012625681683829158
1614,2868454918353	0,00012662806044731083
1612,6713108087606	0,00012643916603378435
1611,0551326438763	0,00012643922650215937
1609,4383109133632	0,0001263090020756807
1607,820845533388	0,0001261728748178591
1606,202736420073	0,00012620970783260097
1604,5839834895014	0,00012634242292118957
1602,9645866577266	0,00012635451247869817
1601,3445458407768	0,00012646502929474854
1599,7238609546257	0,00012666140701263296
1598,102531915225	0,00012687143553681492
1596,4805586384937	0,00012678813382006475
1594,8579410403072	0,00012648069556156898
1593,2346790365118	0,00012653869165632104
1591,610772542921	0,0001266763037926537
1589,9862214753011	0,00012622683423531175
1588,3610257494074	0,00012551044628075498
1586,7351852809406	0,00012576550086424264
1585,1086999855725	0,00012669507519358304
1583,4815697789418	0,00012696867565408504
1581,8537945766548	0,000127005738461551
1580,2253742942812	0,00012723139002526016
1578,5963088473545	0,00012695713021880115
1576,9665981513826	0,00012613520281890632
1575,3362421218262	0,00012526665968964115
1573,7052406741204	0,00012474163833292638
1572,073593723664	0,00012497124468768836
1570,441301185827	0,00012530891842671418
1568,8083629759312	0,00012568576486542203
1567,1747790092886	0,00012597043933119928
1565,5405492011487	0,00012620251568076156
1563,9056734667429	0,00012648627824892356
1562,2701517212736	0,0001270251692371394
1560,6339838798995	0,00012738837038021183
1558,9971698577465	0,00012708982480229175
1557,3597095699115	0,000126459204074026
1555,7216029314513	0,00012603749583464983
1554,0828498574047	0,00012577779165172834
1552,4434502627519	0,00012587553746682323
1550,8034040624589	0,0001262381864194837
1549,1627111714515	0,0001262475892951235
1547,521371504623	0,00012618453427568464
1545,8793849768335	0,00012675910160708876
1544,236751502911	0,0001275133610605445
1542,5934709976427	0,0001277662785712407
1540,949543375791	0,00012739310221539032
1539,3049685520855	0,00012664796514264551
1537,6597464412189	0,0001263444816650998
1536,013876957848	0,0001266196488594117
1534,3673600166003	0,0001270058115322102
1532,720195532067	0,00012734478619232518
1531,0723834188138	0,00012735696976918576
1529,4239235913738	0,00012695247705876386
1527,7748159642251	0,0001264967805497203
1526,1250604518464	0,00012666574884632935
1524,4746569686577	0,00012692367645732527
1522,8236054290537	0,00012674618133055534
1521,1719057474038	0,0001262670059701004
1519,5195578380335	0,0001262149175041489
1517,866561615243	0,0001263773295451046
1516,2129169932996	0,00012626462125969986
1514,5586238864307	0,00012596916807061957
1512,9036822088383	0,00012560867899946582
1511,248091874695	0,0001256937855085732
1509,5918527981266	0,00012631721874275747
1507,9349648932402	0,00012687704856549227
1506,2774280741069	0,00012731133977111908
1504,619242254761	0,0001270152580612704
1502,9604073492046	0,0001263389734163163
1501,3009232714248	0,00012609704466220155
1499,6407899353435	0,0001263272771202423
1497,9800072548824	0,00012676342929138465
1496,318575143916	0,00012724475060928538
1494,6564935162824	0,00012759932052204537
1492,9937622857942	0,00012796527198269934
1491,3303813662387	0,00012803843860982614
1489,6663506713594	0,00012817448785033345
1488,0016701148706	0,00012851036814263338
1486,3363396104542	0,0001286242511190372
1484,6703590717698	0,00012808246376966914
1483,00372841243	0,0001280606890812628
1481,336447546033	0,00012850453786842833
1479,668516386122	0,0001288583785466821
1477,9999348462297	0,00012885131003420144
1476,3307028398522	0,000128889333015505
1474,6608202804491	0,00012908639086326275
1472,990287081444	0,00012915135562693435
1471,319103156242	0,00012908416823900312
1469,6472684182118	0,000129335277488491
1467,9747827806823	0,0001293531297298371
1466,3016461569605	0,00012939468174808292
1464,6278584603206	0,0001297273716300866
1462,953419604004	0,00013028845190926627
1461,2783295012196	0,00013051930455539303
1459,6025880651468	0,0001306677830365343
1457,9261952089291	0,00013096391034513394
1456,2491508456878	0,00013129701977831454
1454,571454888508	0,00013185077779863787
1452,893107250442	0,00013257890287171297
1451,214107844513	0,0001326375373148337
1449,534456583715	0,0001330902230748563
1447,8541533810094	0,00013372272414892007
1446,173198149325	0,0001339409566831771
1444,491590801561	0,00013360184304580917
1442,8093312505844	0,00013354450101371804
1441,1264194092364	0,00013383247285673683
1439,442855190322	0,00013436203219051448
1437,7586385066206	0,00013427420044790213
1436,0737692708717	0,00013425511162929216
1434,3882473957965	0,00013481323125860408
1432,7020727940762	0,00013555633982791022
1431,0152453783703	0,0001354713969134009
1429,3277650612945	0,00013533533020964093
1427,6396317554463	0,00013581284213196897
1425,9508453733833	0,00013665926908971985
1424,261405827645	0,00013700310662952342
1422,5713130307304	0,0001369143762772758
1420,8805668951136	0,00013698719312077738
1419,189167333232	0,00013804545038488298
1417,4971142574977	0,00013916603172493938
1415,8044075802936	0,00013918510685524064
1414,1110472139699	0,00013849280737509507
1412,4170330708475	0,00013849809406780934
1410,7223650632186	0,00013917630685791985
1409,027043103346	0,0001400359002318072
1407,3310671034524	0,00014050964409332054
1405,6344369757498	0,0001411646238480677
1403,937152632403	0,00014147777254858705
1402,2392139855547	0,0001419904529730136
1400,5406209473185	0,0001422892043728602
1398,8413734297792	0,0001417629608874567
1397,1414713449813	0,00014095451842063435
1395,440914604951	0,00014110745209271303
1393,7397031216897	0,0001421721658729892
1392,0378368071506	0,00014364563664137392
1390,335315573273	0,0001442337424995853
1388,6321393319631	0,0001445985890109259
1386,928307995091	0,00014483042119766944
1385,2238214745084	0,00014537440930015598
1383,5186796820308	0,00014611781208494765
1381,8128825294443	0,00014679268963043997
1380,1064299285063	0,00014727254041699088
1378,3993217909483	0,00014772250892221357
1376,6915580284694	0,00014727380826301984
1374,9831385527468	0,00014708904508146128
1373,2740632754103	0,00014751929017984262
1371,564332108086	0,00014835994148933287
1369,8539449623458	0,00014894812589089096
1368,1429017497503	0,00014967183734347744
1366,431202381831	0,00015006924655164958
1364,7188467700798	0,0001503423823207192
1363,0058348259627	0,0001504678676961762
1361,292166460924	0,00015102934953335016
1359,5778415863751	0,00015141456195716288
1357,8628601136952	0,00015178304069235382
1356,1472219542447	0,0001523897601959166
1354,4309270193407	0,0001533116788394593
1352,7139752202893	0,0001534488666487035
1350,9963664683492	0,0001531370395389813
1349,2781006747682	0,00015314038203122983
1347,559177750758	0,0001539927032248996
1345,8395976074971	0,00015447102576671685
1344,1193601561426	0,00015540880982659104
1342,3984653078223	0,0001563811865338519
1340,676912973635	0,0001570702885770868
1338,95470306465	0,0001573856984838231
1337,2318354919116	0,0001578443720436951
1335,508310166435	0,00015819967030046363
1333,7841269992023	0,00015875339460359186
1332,059285901174	0,00015905736607152852
1330,3337867832852	0,00015922447979677763
1328,6076295564308	0,00015904033216152688
1326,8808141314948	0,00015994885813972777
1325,1533404193106	0,00016088417990076564
1323,4252083307147	0,00016169068257758208
1321,6964177764858	0,0001618073917533072
1319,9669686673915	0,0001623011076494072
1318,2368609141668	0,00016366932654562287
1316,5060944275283	0,00016485462755220522
1314,7746691181492	0,00016462110070348745
1313,042584896688	0,00016476400373368382
1311,3098416737666	0,0001657068821830576
1309,5764393599857	0,00016666554255463916
1307,8423778659198	0,00016665085339827993
1306,1076571021113	0,00016661961702016818
1304,3722769790766	0,00016698050775005435
1302,6362374073105	0,00016811664823973983
1300,899538297268	0,0001687300468162016
1299,1621795593928	0,0001693924880975341
1297,4241611040852	0,00017084773979033434
1295,6854828417381	0,00017251124524819196
1293,9461446826972	0,0001732623574462046
1292,2061465372935	0,00017340768632180992
1290,4654883158255	0,00017330003894549194
1288,7241699285769	0,00017325588980723533
1286,9821912857842	0,00017289037031057217
1285,2395522976767	0,0001731103783157163
1283,4962528744363	0,00017352940409249185
1281,7522929262414	0,00017415393107549375
1280,0076723632374	0,00017449035164122806
1278,262391095519	0,00017495796375419632
1276,5164490331954	0,00017612312033632322
1274,7698460863176	0,0001778335852644132
1273,0225821649183	0,00017917216911682846
1271,2746571790085	0,00018025611925701356
1269,5260710385774	0,00018022803821201628
1267,776823653574	0,00017986194899125883
1266,0269149339256	0,00018057168240703778
1264,276344789545	0,00018186274469838385
1262,5251131302975	0,00018260310843681404
1260,7732198660487	0,00018283595935300405
1259,0206649066167	0,00018260296863255608
1257,2674481618014	0,0001837314179006726
1255,5135695413737	0,00018546832262316437
1253,7590289550863	0,00018591816355532063
1252,003826312659	0,00018536041887334156
1250,2479615237862	0,0001853838308205751
1248,4914344981444	0,00018556805027166725
1246,7342451453696	0,0001862784540618059
1244,976393375091	0,0001869074920776836
1243,21787909689	0,00018701472467668996
1241,458702220345	0,00018691093684141132
1239,6988626549937	0,0001872533669892696
1237,938360310356	0,00018794083129304638
1236,1771950959155	0,0001890454017408796
1234,4153669211482	0,000190071974722965
1232,6528756954904	0,00019039223106539986
1230,8897213283526	0,0001906736486288829
1229,1259037291384	0,00019134399285903589
1227,3614228072001	0,00019193773073774965
1225,5962784718831	0,00019265333830526226
1223,8304706325034	0,00019278084120172038
1222,0639991983517	0,0001924405907108599
1220,2968640786894	0,00019314835667999953
1218,5290651827563	0,00019368276650277491
1216,760602419774	0,00019303809566864602
1214,9914756989238	0,00019345007067726088
1213,22168492938	0,00019518728838663615
1211,4512300202805	0,00019612920024864096
1209,6801108807376	0,0001958041993106867
1207,9083274198456	0,00019616153200149487
1206,135879546673	0,0001969375177908889
1204,3627671702598	0,000196984703127492
1202,5889901996234	0,00019693443276313255
1200,8145485437599	0,00019738793874052042
1199,0394421116362	0,00019777137694340448
1197,2636708122009	0,0001975013596261942
1195,48723455437	0,00019716908374645624
1193,710133247041	0,00019676551429303741
1191,9323667990866	0,0001972946547744987
1190,153935119357	0,00019844963713778585
1188,374838116666	0,00019867095437388205
1186,5950756998282	0,000198283118057967
1184,8146477776027	0,0001981488542627704
1183,0335542587563	0,00019812239147658006
1181,2517950520087	0,00019869482520535212
1179,4693700660682	0,00019975322297419604
1177,6862792096072	0,00019978550514826522
1175,9025223912868	0,00019932813493433882
1174,1180995197428	0,0001997297294923154
1172,3330105035784	0,0002009583908278787
1170,547255251382	0,0002012991587943038
1168,7608336717167	0,0002009483259597119
1166,9737456731164	0,00020067008435871176
1165,1859911641004	0,00020144606896134183
1163,3975700531591	0,0002025125352528868
1161,6084822487537	0,00020267909428843265
1159,8187276593417	0,0002020770493925617
1158,0283061933333	0,000201558596231813
1156,237217759135	0,0002018198603509582
1154,4454622651137	0,0002024085074309951
1152,6530396196285	0,00020309457183985774
1150,8599497310024	0,00020348092615198315
1149,0661925075437	0,00020320730111069154
1147,271767857539	0,00020311603617416673
1145,4766756892386	0,00020381196203358938
1143,6809159108925	0,00020419030067174833
1141,8844884307	0,0002040737238002908
1140,0873931568676	0,00020362991140819884
1138,2896299975546	0,0002040524704286366
1136,4911988609092	0,00020432408464878375
1134,6920996550543	0,00020443855904694636
1132,8923322880946	0,00020503826664513468
1131,091896668102	0,00020607889493790005
1129,290792703141	0,00020618876701270942
1127,4890203012328	0,00020599556098173174
1125,6865793703982	0,0002058966813821685
1123,883469818622	0,00020554040421435186
1122,079691553874	0,00020471210836030406
1120,2752444840953	0,00020456074218266277
1118,4701285172123	0,00020528649400467763
1116,6643435611186	0,00020609186771089342
1114,8578895236933	0,0002064423740488776
1113,0507663127974	0,00020699934506727873
1111,2429738362625	0,00020735688532504723
1109,4345120018988	0,00020758325309523597
1107,6253807174944	0,0002075133684780734
1105,8155798908228	0,00020698887813403604
1104,0051094296286	0,00020587728002301162
1102,1939692416381	0,00020514452725538482
1100,382159234552	0,00020554295210064747
1098,5696793160496	0,00020557096409675406
1096,7565293937987	0,00020516469846480387
1094,9427093754275	0,00020602095690402331
1093,1282191685677	0,00020691119532208937
1091,3130586807965	0,00020740285962665543
1089,4972278197056	0,00020792020268456979
1087,6807264928393	0,00020847268303570506
1085,8635546077276	0,00020886728404847783
1084,0457120718856	0,00020939990293217546
1082,2271987927961	0,00020970968638394006
1080,408014677938	0,00020876918386682555
1078,58815963475	0,0002074764852089568
1076,7676335706637	0,00020706956115836364
1074,9464363930783	0,0002079150351618344
1073,1245680093816	0,00020922009091466342
1071,3020283269434	0,00020975496845676507
1069,4788172530934	0,00020998167677769138
1067,6549346951651	0,00021056271752960067
1065,8303805604555	0,00021099678698649718
1064,005154756247	0,00021093219434002115
1062,1792571897968	0,00021113248708066887
1060,3526877683435	0,00021181840714151523
1058,5254463991114	0,00021297590237355477
1056,6975329892957	0,00021441456685792636
1054,868947446077	0,000214989848078539
1053,0396896766142	0,00021478231911084236
1051,2097595880405	0,00021469111206920272
1049,3791570874746	0,00021524063205569045
1047,5478820820172	0,00021578524489024341
1045,7159344787433	0,00021650337298178443
1043,8833141847135	0,00021674725488884602
1042,0500211069593	0,0002166114700833287
1040,2160551525012	0,0002162084547149075
1038,381416228338	0,00021692672716908543
1036,54610424145	0,00021842599453563317
1034,710119098785	0,00021940265180387644
1032,873460707291	0,00022093378499013846
1031,0361289738794	0,00022287223375056964
1029,1981238054505	0,00022331577691869225
1027,3594451088866	0,0002240769290039233
1025,5200927910446	0,00022493512728021664
1023,6800667587704	0,00022499375551491944
1021,8393669188736	0,0002246058287266571
1019,9979931781636	0,00022457120308945055
1018,1559454434246	0,00022502255137633585
1016,3132236214115	0,00022591878974810575
1014,4698276188719	0,00022579834637841443
1012,6257573425319	0,00022591754750712106
1010,7810126990953	0,0002270285533792282
1008,9355935952481	0,0002285800727240757
1007,0894999376578	0,00022863249350238145
1005,2427316329704	0,00022954034738178312
1003,395288587817	0,0002315712726937484
1001,5471707088109	0,00023382697400662546
999,6983779025431	0,0002353323433988367
997,8489100755796	0,00023691026783845135
995,9987671344861	0,00023748729613208336
994,1479489857884	0,00023730816136054985
992,2964555360122	0,00023806804821413735
990,4442866916506	0,0002395468151476342
988,5914423591857	0,0002401527353083006
986,7379224450815	0,0002418808539366089
984,8837268557727	0,00024368813923984496
983,0288554976978	0,0002449515288016238
981,1733082772516	0,0002454794015614904
979,3170851008326	0,0002468198209297519
977,4601858748028	0,0002485218496739672
975,6026105055207	0,0002492795639661143
973,7443588993228	0,0002489350161356584
971,8854309625203	0,0002493030684004465
970,0258266014098	0,0002506040337744862
968,1655457222805	0,00025180951643665876
966,3045882313927	0,00025147730497501633
964,4429540349847	0,00025187118177487014
962,5806430392913	0,00025326496627832694
960,7176551505218	0,000255207113413529
958,8539902748671	0,0002559170360648523
956,9896483185003	0,00025624347783694776
955,1246291875796	0,00025706616319033193
953,2589327882488	0,0002586377745667384
951,3925590266226	0,00026104830181507895
949,5255078088157	0,000264956286591186
947,6577790409065	0,00026673710455998563
945,7893726289767	0,0002666359490056603
943,920288479072	0,0002664729400077279
942,0505264972307	0,00026881930253203323
940,1800865894693	0,00027121281431630265
938,3089686617968	0,00027190623435651757
936,4371726201935	0,00027158959198760177
934,564698370632	0,00027171309426862674
932,6915458190597	0,0002713819145634639
930,8177148714167	0,00027227402738434097
928,9432054336175	0,00027439037485164154
927,068017411566	0,0002770527747650647
925,1921507111438	0,00027978092451456607
923,3156052382292	0,0002823668580240914
921,438380898664	0,00028170496300778595
919,5604775982865	0,00028068868253587354
917,6818952429203	0,00028126980957210554
915,8026337383635	0,00028260492394976164
913,9226929904034	0,0002847535577938315
912,0420729048165	0,00028771113066090783
910,1607733873534	0,000289527142908148
908,278794343747	0,00028965854340565493
906,3961356797299	0,000289982660827959
904,5127973010021	0,0002918197217410224
902,6287791132563	0,0002940635734552957
900,7440810221633	0,00029667831627959375
898,8587029333867	0,0002985726396118311
896,9726447525682	0,0002988596252923018
895,085906385335	0,0002998789432687145
893,1984877372961	0,0003019423497027324
891,3103887140533	0,00030161759512898435
889,4216092211827	0,0003009456639931356
887,5321491642535	0,00030155243712515564
885,6420084488091	0,00030238922178198245
883,7511869803893	0,0003030367035089607
881,8596846645123	0,00030387213346266785
879,9675014066815	0,00030440203237825666
878,074637112386	0,0003046781139059484
876,1810916870963	0,00030515769413584957
874,2868650362761	0,00030577678797464745
872,391957065367	0,0003069586361773692
870,4963676797925	0,0003081674888928317
868,6000967849759	0,000308288120756712
866,7031442863081	0,0003083580178329114
864,8055100891797	0,000310071186714745
862,9071940989525	0,0003121539127557124
861,0081962209879	0,00031339834094781154
859,1085163606185	0,0003137529200229136
857,2081544231769	0,00031365625743325434
855,3071103139773	0,00031362118745834256
853,4053839383014	0,0003146132381971272
851,5029752014489	0,00031610331668366327
849,5998840086759	0,00031709005766320235
847,6961102652422	0,00031664520213007776
845,791653876382	0,0003169602283235331
843,8865147473261	0,0003166815078719411
841,9806927832797	0,0003174382398801898
840,0741878894441	0,00031906305349342585
838,1669999710066	0,0003197590847060417
836,2591289331285	0,00031940724553679485
834,3505746809678	0,0003190987320209337
832,4413371196715	0,00031908356594237717
830,5314161543611	0,0003200400671132473
828,6208116901544	0,0003206537474293412
826,7095236321475	0,00032033893423473117
824,7975518854328	0,0003200543139569713
822,8848963550809	0,00032118204901075145
820,9715569461514	0,00032169218874566953
819,0575335636968	0,00032111367470275996
817,1428261127476	0,00031980571426345594
815,2274344983198	0,0003190809481607069
813,3113586254221	0,00031789440358245385
811,3945983990525	0,00031733210764581027
809,4771537241904	0,00031729685334068035
807,5590245058011	0,0003186200447903429
805,6402106488385	0,00032056396838866125
803,7207120582498	0,00032204732212772944
801,8005286389562	0,0003216646859133457
799,8796602958828	0,00032149179627356686
797,9581069339292	0,0003216250692235275
796,0358684579842	0,0003217234766568493
794,112944772929	0,0003209234352941125
792,189335783627	0,00032019604461590355
790,2650413949341	0,000319947163823062
788,340061511688	0,00032044511848397674
786,4143960387228	0,00031950249088796254
784,4880448808472	0,0003193520309814328
782,5610079428661	0,0003196352197686004
780,6332851295774	0,0003210448784122682
778,7048763457533	0,00032243384540656876
776,7757814961697	0,00032336048853757055
774,8460004855733	0,00032266098043515494
772,9155332187111	0,00032182218391478833
770,9843796003152	0,0003203243283138132
769,0525395351069	0,00031911453061699913
767,1200129277895	0,0003190942477541223
765,1867996830588	0,00032102643085484754
763,2528997056106	0,00032328883623375837
761,3183129001045	0,0003244612136644475
759,3830391712108	0,0003238768474924316
757,4470784235709	0,00032399112320000714
755,5104305618333	0,0003250002966728281
753,5730954906212	0,0003259314284694503
751,6350731145503	0,00032565831433004603
749,6963633382256	0,00032458299779503834
747,7569660662375	0,0003239011208411131
745,8168812031727	0,00032461013413651805
743,8761086536033	0,0003238812336336885
741,934648322087	0,00032173707586589657
739,9925001131742	0,00032063124986684617
738,0496639314042	0,00032062532126730134
736,1061396813056	0,0003199606560589779
734,1619272673925	0,0003209056701900585
732,217026594175	0,0003227685392540246
730,2714375661453	0,000324573119191079
728,3251600877957	0,000326446476620946
726,3781940635927	0,0003274270590081219
724,4305393980067	0,0003271937971542335
722,4821959954897	0,00032603563548500345
720,5331637604831	0,00032465467864603586
718,5834425974244	0,00032534172344591655
716,6330324107366	0,0003281403005626101
714,6819331048282	0,0003295444609371588
712,7301445841113	0,0003299364946665487
710,7776667529724	0,00033003882215661525
708,8244995157911	0,00032879344424232757
706,8706427769503	0,0003282689262280917
704,9160964408111	0,00032925934565939123
702,9608604117202	0,0003313216802673161
701,0049345940315	0,00033321148960182656
699,0483188920734	0,000332997980792149
697,0910132101744	0,0003328605068840649
695,1330174526447	0,0003348050503839451
693,1743315237982	0,00033688255424115643
691,2149553279232	0,00033768116525151727
689,254888769312	0,0003376050214822634
687,2941317522454	0,00033740505684410173
685,3326841809903	0,00033905094919105033
683,3705459598023	0,0003407541798907417
681,4077169929369	0,00034239965436278115
679,4441971846354	0,00034218097281483626
677,479986439128	0,00034264146256970577
675,5150846606375	0,0003446340310343957
673,549491753387	0,0003476236421929241
671,5832076215775	0,00034907943189092496
669,6162321694064	0,00035161246608291543
667,6485653010641	0,0003542682045718477
665,6802069207333	0,00035506024478265306
663,7111569325862	0,0003539266084480622
661,74141524078	0,00035391846207319914
659,7709817494797	0,00035570979515715036
657,7998563628244	0,00035903660431415457
655,8280389849533	0,00036087694478659303
653,8555295200058	0,00036427734654555374
651,8823278720956	0,0003698854495045063
649,9084339453402	0,00037641504444488
647,9338476438497	0,0003803807141769066
645,9585688717198	0,0003819542236103878
643,9825975330386	0,0003795039286983337
642,0059335318947	0,0003739125987144632
640,0285767723581	0,00037101810458682773
638,0505271585025	0,00037379680473878345
636,0717845943873	0,0003763949128619694
634,092348984057	0,00037672397610814237
632,1122202315637	0,0003763492924387711
630,1313982409483	0,00037723030797240836
628,1498829162338	0,0003765982027776839
626,1676741614465	0,00037590002846693175
624,184771880602	0,0003767741007934971
622,201175977716	0,000379714171256411
620,2168863567786	0,0003815882927337742
618,2319029217906	0,00038449062623952646
616,2462255767387	0,0003863273249884623
614,2598542256092	0,00038502396384851155
612,2727887723704	0,0003844765991048622
610,2850291209907	0,00038734134980235237
608,2965751754309	0,00039140143128707673
606,3074268396485	0,00039392021547943494
604,3175840175827	0,0003942964086470636
602,3270466131871	0,00039580131060694364
600,3358145303864	0,0003977247729634988
598,3438876731161	0,0003999039557368165
596,3512659452936	0,0004014662420656966
594,3579492508361	0,0004032775564571964
592,3639374936502	0,00040402020475274975
590,3692305776458	0,0004049352047995186
588,3738284067149	0,00040499557615698975
586,377730884753	0,0004052673404641015
584,3809379156446	0,00040774456697735686
582,3834494032708	0,00041260066199392945
580,3852652515016	0,00041523284624222817
578,3863853642106	0,0004161106027332645
576,3868096452607	0,0004160036740099617
574,3865379985073	0,000416675916975321
572,3855703278023	0,000416967045400351
570,3839065369939	0,000417218472642384
568,3815465299194	0,0004157928058226354
566,3784902104198	0,00041472819839984696
564,3747374823215	0,0004162103203833593
562,3702882494508	0,000419317209776075
560,3651424156305	0,0004209661806646129
558,3592998846725	0,0004204207275338809
556,3527605603922	0,0004186367238420609
554,3455243465905	0,00041872769106742164
552,3375911470685	0,0004221130391488348
550,3289608656232	0,0004250011477175426
548,3196334060485	0,00042542721861539714
546,3096086721271	0,0004266073889244935
544,2988865676416	0,00043006917189273815
542,2874669963749	0,0004323713972304841
540,2753498620878	0,0004331471194991304
538,262535068563	0,00043197386042893133
536,2490225195615	0,0004305411997760093
534,2348121188406	0,00043159820588674607
532,2199037701539	0,00043517415295694684
530,2042973772623	0,0004367730994133365
528,1879928439048	0,0004368490643166034
526,1709900738351	0,0004356138688027751
524,1532889707851	0,0004352257390122894
522,1348894384973	0,00043729855240225927
520,1157913806965	0,0004391022308473041
518,0959947011252	0,00043823854360847917
516,075499303497	0,0004374842150955401
514,0543050915367	0,00043602961561654184
512,0324119689649	0,0004354497699143678
510,0098198394953	0,000434205329498106
507,9865286068489	0,0004331490930202333
505,9625381747137	0,0004323250579411008
503,93784844681795	0,00043363480814334485
501,9124593268498	0,00043567987585185097
499,8863707185119	0,0004370931541553615
497,8595825254997	0,00043676665241776147
495,8320946515123	0,00043681615156253235
493,80390700023054	0,0004354744738697353
491,7750194753535	0,000434934862335333
489,7454319805547	0,0004336825946707805
487,71514441952604	0,0004326763500957008
485,68415669594106	0,00043157199744525454
483,65246871348427	0,0004306922803954016
481,620080375822	0,00042957313985223633
479,5869915866351	0,0004294214625181789
477,5532022495863	0,0004290804902642946
475,5187122683492	0,0004291468649929207
473,48352154659005	0,00042897559721065306
471,4476299879643	0,00043004033166964755
469,4110374961456	0,000430989315722432
467,37374397478925	0,0004308549608214205
465,33574932755073	0,00042900998379009713
463,29705345808543	0,0004289694713519325
461,2576562700524	0,00042899564090719786
459,21755766711067	0,0004286841764256685
457,17675755289747	0,0004259044876334201
455,13525583107185	0,00042488862611591216
453,09305240527465	0,00042686685247125014
451,0501471791613	0,0004310280537821214
449,00654005637625	0,0004299743253092296
446,9622309405604	0,0004265836731748677
444,91721973536187	0,00042297792774987876
442,87150634441423	0,0004226653635096834
440,8250906713656	0,0004237581177050029
438,7779726198569	0,0004249724412118531
436,7301520935289	0,0004258977944217874
434,6816289960152	0,00042867344904257035
432,63240323095306	0,0004307253688848599
430,5824747019833	0,0004325181574526023
428,53184331274315	0,00043309280982305366
426,4805089668662	0,00044007517947016416
424,4284715679896	0,0004596392201695513
422,3757310197507	0,00048760602587501835
420,32228722577565	0,0005019233523460972
418,2681400897127	0,0004916063318248991
416,2132895151881	0,00046225379969021436
414,1577354058354	0,00043544175236590515
412,1014776652919	0,00041961239483362064
410,04451619719475	0,00041528692046248776
407,9868509051739	0,0004148490495958137
405,92848169287026	0,0004156581570895928
403,8694084639137	0,0004145548796789164
401,8096311219342	0,00041502176309274504
399,74914957058354	0,0004143191897652313
397,687963713488	0,0004141290153309987
395,62607345428114	0,00041263159456740583
393,5634786966111	0,00041226144793253224
391,5001793441079	0,00041261918279297875
389,4361753004123	0,00041461659796589726
387,37146646916517	0,0004173360776924913
385,3060527540147	0,00042238631277097846
383,2399340585871	0,0004280614978373692
381,17311028653785	0,00042970530091818236
379,1055813415078	0,0004242060059658718
377,03734712714504	0,0004153919600542348
374,96840754709046	0,00040860993390045246
372,89876250499583	0,0004043813452695764
370,82841190450563	0,0004027034458792478
368,7573556492789	0,00040545848581586267
366,6855936429638	0,00040906288653196673
364,61312578921934	0,00041104971445512963
362,53995199169003	0,000410580688490643
360,46607215404583	0,0004113059952357399
358,39148617994215	0,0004113017419464602
356,3161939730344	0,00040929647952020866
354,24019543699615	0,0004093189623785266
352,16349047548647	0,00041182196981534515
350,08607899217895	0,00041330203720004577
348,0079608907399	0,0004124752088134823
345,929136074843	0,00041110428256379335
343,8496044481617	0,0004131218645356447
341,769365914377	0,00041520946330129
339,6884203771624	0,00041563434569080423
337,6067677402061	0,0004168437040368984
335,524407907189	0,0004183763559952537
333,4413407818065	0,0004203539265697117
331,35756626774673	0,00042165245037763206
329,27308426869786	0,00042262434247053167
327,1878946883626	0,00042235227228216066
325,1019974304363	0,0004213234130412819
323,0153923986254	0,00042242305416159806
320,9280794966362	0,00042561330045317404
318,84005862817867	0,0004258478294905311
316,7513296969628	0,0004259284115794735
314,6618926067058	0,00042928921256906176
312,57174726113226	0,00043249856243590776
310,4808935639594	0,0004335952473522697
308,3893314189154	0,00043647317041599365
306,2970607297393	0,0004388695781756271
304,2040814001557	0,0004398794638420655
302,11039333390727	0,000441582191523292
300,0159964347331	0,00044351863519002347
297,9208906063868	0,0004450469681474245
295,8250757526148	0,00044913059473173457
293,7285517771779	0,000452354271129826
291,63131858382985	0,00045478113323252454
289,5333760763315	0,00045748606989156476
287,4347241584546	0,00045995576461030336
285,3353627339784	0,0004619739393525711
283,23529170666734	0,0004655509160400362
281,1345109803151	0,00046738605487469325
279,0330204587044	0,0004690044853276369
276,93082004562166	0,0004685225342505732
274,82790964486776	0,0004688644352120787
272,72428916024364	0,00047526215181964367
270,6199584955575	0,0004844373756536575
268,51491755461757	0,0004896126599459911
266,40916624124657	0,0004915454192162642
264,30270445925635	0,0004930884777276895
262,1955321124842	0,0004962194029521955
260,08764910475657	0,0005000240508181619
257,979055339918	0,0005023827442567772
255,86975072180576	0,0005010130265683321
253,75973515427177	0,0005015132183944352
251,64900854117514	0,0005062140183442811
249,537570786375	0,0005130517758594786
247,42542179373413	0,0005177776843628812
245,31256146712985	0,0005220915271076691
243,19898971044313	0,0005285913938758717
241,08470642755856	0,0005395346837853576
238,96971152236074	0,0005486125148556978
236,85400489875246	0,0005530624649863039
234,7375864606438	0,0005558788849444218
232,62045611193753	0,0005624270930362273
230,502613756551	0,0005699925000817528
228,38405929841247	0,0005787647696607109
226,26479264145382	0,0005854067208129533
224,1448136895997	0,0005875003127813719
222,02412234681105	0,00058751411441669
219,9027185170271	0,0005907450516373201
217,78060210421245	0,0005960838455299261
215,65777301232447	0,0006023627550519228
213,53423114534598	0,0006122104075343269
211,4099764072489	0,0006232786273848464
209,2850087020197	0,0006287032040286646
207,15932793365937	0,0006319318483907964
205,03293400616167	0,000638501867954861
202,90582682354216	0,0006447462548466303
200,7780062898164	0,0006493690341312988
198,6494723090036	0,0006554823488391516
196,52022478514482	0,0006636907796846896
194,39026362227378	0,0006703774642750362
192,2595887244388	0,0006750479485887783
190,1281999956991	0,0006795532145129438
187,9960973401212	0,0006866828520619832
185,86328066177157	0,0006913474696774964
183,7297498647349	0,0006972374738572269
181,5955048531032	0,0007071097772165401
179,46054553096474	0,000711607115467465
177,32487180243334	0,0007123889073240847
175,18848357162642	0,0007216927680890254
173,05138074265778	0,0007330924786142577
170,91356321967032	0,0007383497856124145
168,77503090679602	0,0007379475299490746
166,63578370818868	0,0007449268879713673
164,4958215280094	0,0007524606441542114
162,3551442704229	0,0007595256859137877
160,21375183960845	0,0007650871330663426
158,07164413975624	0,0007700442042267613
155,9288210750492	0,0007716158478666421
153,78528254971025	0,0007726149979391982
151,64102846793685	0,0007735380572587726
149,4960587339665	0,0007796820391613695
147,35037325202575	0,0007852009262513998
145,203971926363	0,0007910429530397019
143,05685466123032	0,0007916642243687368
140,90902136088698	0,0007926688829376053
138,76047192961414	0,000792673941008955
136,61120627168566	0,0007931112502217578
134,4612242914045	0,0007939738936112884
132,31052589307	0,0008000317003752351
130,1591109809924	0,0008088022735420748
128,00697945950742	0,0008170744033365829
125,8541312329362	0,0008158999210825505
